Name,Library,Family,Class,Time
M4_10x10_C1-CC11,AMaze,AMaze,C,0.1021552754
M4_10x10_C1-CC15,AMaze,AMaze,C,0.1047424931
M4_10x10_C1-CC21,AMaze,AMaze,C,0.0945498524
M4_10x10_C1-CC37,AMaze,AMaze,C,0.1018339486
M4_10x10_C1-CD11,AMaze,AMaze,H,0.0197569365
M4_10x10_C1-CD15,AMaze,AMaze,H,0.02059647
M4_10x10_C1-CD21,AMaze,AMaze,H,0.0205994263
M4_10x10_C1-CD37,AMaze,AMaze,H,0.0239675295
M4_10x10_C1-DD,AMaze,AMaze,D,0.0095234897
M4_10x10_C1_l0.1_L.25-CC11,AMaze,AMaze,C,0.096219747
M4_10x10_C1_l0.1_L.25-CC15,AMaze,AMaze,C,0.0971226305
M4_10x10_C1_l0.1_L.25-CC21,AMaze,AMaze,C,0.1113510216
M4_10x10_C1_l0.1_L.25-CC37,AMaze,AMaze,C,0.1016627171
M4_10x10_C1_l0.1_L.25-CD11,AMaze,AMaze,H,0.0220805843
M4_10x10_C1_l0.1_L.25-CD15,AMaze,AMaze,H,0.022501681
M4_10x10_C1_l0.1_L.25-CD21,AMaze,AMaze,H,0.0233549856
M4_10x10_C1_l0.1_L.25-CD37,AMaze,AMaze,H,0.028801626
M4_10x10_C1_l0.1_L.25-DD,AMaze,AMaze,D,0.0093612396
M4_10x10_C1_l0.1_L.25_t0.1_T.5-DD,AMaze,AMaze,D,0.0092449472
M4_10x10_C1_l0.1_L.25_t0.5_T.5-DD,AMaze,AMaze,D,0.009234742
M4_10x10_C1_l0.1_L.25_t1_T.5-DD,AMaze,AMaze,D,0.0092455116
M4_10x10_C1_l0.5_L.25-CC11,AMaze,AMaze,C,0.1119571037
M4_10x10_C1_l0.5_L.25-CC15,AMaze,AMaze,C,0.1057090753
M4_10x10_C1_l0.5_L.25-CC21,AMaze,AMaze,C,0.1059282252
M4_10x10_C1_l0.5_L.25-CC37,AMaze,AMaze,C,0.1025093769
M4_10x10_C1_l0.5_L.25-CD11,AMaze,AMaze,H,0.022632187
M4_10x10_C1_l0.5_L.25-CD15,AMaze,AMaze,H,0.0221635889
M4_10x10_C1_l0.5_L.25-CD21,AMaze,AMaze,H,0.0235049303
M4_10x10_C1_l0.5_L.25-CD37,AMaze,AMaze,H,0.0291321761
M4_10x10_C1_l0.5_L.25-DD,AMaze,AMaze,D,0.0091612166
M4_10x10_C1_l0.5_L.25_t0.1_T.5-DD,AMaze,AMaze,D,0.0090521172
M4_10x10_C1_l0.5_L.25_t0.5_T.5-DD,AMaze,AMaze,D,0.0090015872
M4_10x10_C1_l0.5_L.25_t1_T.5-DD,AMaze,AMaze,D,0.009131607
M4_10x10_C1_l1_L.25-CC11,AMaze,AMaze,C,0.0900673679
M4_10x10_C1_l1_L.25-CC15,AMaze,AMaze,C,0.0983691442
M4_10x10_C1_l1_L.25-CC21,AMaze,AMaze,C,0.1077866837
M4_10x10_C1_l1_L.25-CC37,AMaze,AMaze,C,0.1122657217
M4_10x10_C1_l1_L.25-CD11,AMaze,AMaze,H,0.0218825406
M4_10x10_C1_l1_L.25-CD15,AMaze,AMaze,H,0.0215529427
M4_10x10_C1_l1_L.25-CD21,AMaze,AMaze,H,0.0228192265
M4_10x10_C1_l1_L.25-CD37,AMaze,AMaze,H,0.0288275299
M4_10x10_C1_l1_L.25-DD,AMaze,AMaze,D,0.0089530143
M4_10x10_C1_l1_L.25_t0.1_T.5-DD,AMaze,AMaze,D,0.0088127767
M4_10x10_C1_l1_L.25_t0.5_T.5-DD,AMaze,AMaze,D,0.0089096448
M4_10x10_C1_l1_L.25_t1_T.5-DD,AMaze,AMaze,D,0.0088532724
M4_10x10_C1_t0.1_T.5-DD,AMaze,AMaze,D,0.0091914064
M4_10x10_C1_t0.5_T.5-DD,AMaze,AMaze,D,0.0094306397
M4_10x10_C1_t1_T.5-DD,AMaze,AMaze,D,0.0092889008
M4_20x20_C1-CC11,AMaze,AMaze,C,0.0953633544
M4_20x20_C1-CC15,AMaze,AMaze,C,0.0974152241
M4_20x20_C1-CC21,AMaze,AMaze,C,0.1042449387
M4_20x20_C1-CC37,AMaze,AMaze,C,0.1068910285
M4_20x20_C1-CD11,AMaze,AMaze,H,0.0212627231
M4_20x20_C1-CD15,AMaze,AMaze,H,0.0205669838
M4_20x20_C1-CD21,AMaze,AMaze,H,0.0204274161
M4_20x20_C1-CD37,AMaze,AMaze,H,0.0220452461
M4_20x20_C1-DD,AMaze,AMaze,D,0.0105113066
M4_20x20_C1_l0.1_L.25-CC11,AMaze,AMaze,C,0.0978344734
M4_20x20_C1_l0.1_L.25-CC15,AMaze,AMaze,C,0.1025390164
M4_20x20_C1_l0.1_L.25-CC21,AMaze,AMaze,C,0.0905463737
M4_20x20_C1_l0.1_L.25-CC37,AMaze,AMaze,C,0.1054186869
M4_20x20_C1_l0.1_L.25-CD11,AMaze,AMaze,H,0.0214339518
M4_20x20_C1_l0.1_L.25-CD15,AMaze,AMaze,H,0.0213783678
M4_20x20_C1_l0.1_L.25-CD21,AMaze,AMaze,H,0.0217518223
M4_20x20_C1_l0.1_L.25-CD37,AMaze,AMaze,H,0.0242261442
M4_20x20_C1_l0.1_L.25-DD,AMaze,AMaze,D,0.0105892731
M4_20x20_C1_l0.1_L.25_t0.1_T.5-DD,AMaze,AMaze,D,0.0101952681
M4_20x20_C1_l0.1_L.25_t0.5_T.5-DD,AMaze,AMaze,D,0.0102348999
M4_20x20_C1_l0.1_L.25_t1_T.5-DD,AMaze,AMaze,D,0.0104240754
M4_20x20_C1_l0.5_L.25-CC11,AMaze,AMaze,C,0.1087764068
M4_20x20_C1_l0.5_L.25-CC15,AMaze,AMaze,C,0.096760363
M4_20x20_C1_l0.5_L.25-CC21,AMaze,AMaze,C,0.1104316142
M4_20x20_C1_l0.5_L.25-CC37,AMaze,AMaze,C,0.1006156958
M4_20x20_C1_l0.5_L.25-CD11,AMaze,AMaze,H,0.0214741481
M4_20x20_C1_l0.5_L.25-CD15,AMaze,AMaze,H,0.0213746851
M4_20x20_C1_l0.5_L.25-CD21,AMaze,AMaze,H,0.0219345624
M4_20x20_C1_l0.5_L.25-CD37,AMaze,AMaze,H,0.024767906
M4_20x20_C1_l0.5_L.25-DD,AMaze,AMaze,D,0.010221249
M4_20x20_C1_l0.5_L.25_t0.1_T.5-DD,AMaze,AMaze,D,0.0102395304
M4_20x20_C1_l0.5_L.25_t0.5_T.5-DD,AMaze,AMaze,D,0.0102205081
M4_20x20_C1_l0.5_L.25_t1_T.5-DD,AMaze,AMaze,D,0.0104228094
M4_20x20_C1_l1_L.25-CC11,AMaze,AMaze,C,0.0983816359
M4_20x20_C1_l1_L.25-CC15,AMaze,AMaze,C,0.1077558007
M4_20x20_C1_l1_L.25-CC21,AMaze,AMaze,C,0.0995999952
M4_20x20_C1_l1_L.25-CC37,AMaze,AMaze,C,0.1035635546
M4_20x20_C1_l1_L.25-CD11,AMaze,AMaze,H,0.0212962387
M4_20x20_C1_l1_L.25-CD15,AMaze,AMaze,H,0.020469276
M4_20x20_C1_l1_L.25-CD21,AMaze,AMaze,H,0.0211525221
M4_20x20_C1_l1_L.25-CD37,AMaze,AMaze,H,0.0258021297
M4_20x20_C1_l1_L.25-DD,AMaze,AMaze,D,0.0099035355
M4_20x20_C1_l1_L.25_t0.1_T.5-DD,AMaze,AMaze,D,0.0099675502
M4_20x20_C1_l1_L.25_t0.5_T.5-DD,AMaze,AMaze,D,0.0101104231
M4_20x20_C1_l1_L.25_t1_T.5-DD,AMaze,AMaze,D,0.0100018636
M4_20x20_C1_t0.1_T.5-DD,AMaze,AMaze,D,0.0102211503
M4_20x20_C1_t0.5_T.5-DD,AMaze,AMaze,D,0.0102434375
M4_20x20_C1_t1_T.5-DD,AMaze,AMaze,D,0.0101918265
M4_50x50_C1-CC11,AMaze,AMaze,C,0.1057632584
M4_50x50_C1-CC15,AMaze,AMaze,C,0.1158861405
M4_50x50_C1-CC21,AMaze,AMaze,C,0.1114985497
M4_50x50_C1-CC37,AMaze,AMaze,C,0.111389429
M4_50x50_C1-CD11,AMaze,AMaze,H,0.0280625348
M4_50x50_C1-CD15,AMaze,AMaze,H,0.0278109868
M4_50x50_C1-CD21,AMaze,AMaze,H,0.0278572914
M4_50x50_C1-CD37,AMaze,AMaze,H,0.0292427768
M4_50x50_C1-DD,AMaze,AMaze,D,0.0183349246
M4_50x50_C1_l0.1_L.25-CC11,AMaze,AMaze,C,0.1133456622
M4_50x50_C1_l0.1_L.25-CC15,AMaze,AMaze,C,0.0947397208
M4_50x50_C1_l0.1_L.25-CC21,AMaze,AMaze,C,0.1126994305
M4_50x50_C1_l0.1_L.25-CC37,AMaze,AMaze,C,0.1073209009
M4_50x50_C1_l0.1_L.25-CD11,AMaze,AMaze,H,0.0283849382
M4_50x50_C1_l0.1_L.25-CD15,AMaze,AMaze,H,0.0282738512
M4_50x50_C1_l0.1_L.25-CD21,AMaze,AMaze,H,0.0291374744
M4_50x50_C1_l0.1_L.25-CD37,AMaze,AMaze,H,0.0307983768
M4_50x50_C1_l0.1_L.25-DD,AMaze,AMaze,D,0.0185504756
M4_50x50_C1_l0.1_L.25_t0.1_T.5-DD,AMaze,AMaze,D,0.0184069515
M4_50x50_C1_l0.1_L.25_t0.5_T.5-DD,AMaze,AMaze,D,0.0186769584
M4_50x50_C1_l0.1_L.25_t1_T.5-DD,AMaze,AMaze,D,0.0198201992
M4_50x50_C1_l0.5_L.25-CC11,AMaze,AMaze,C,0.1135288543
M4_50x50_C1_l0.5_L.25-CC15,AMaze,AMaze,C,0.1059789719
M4_50x50_C1_l0.5_L.25-CC21,AMaze,AMaze,C,0.1010393154
M4_50x50_C1_l0.5_L.25-CC37,AMaze,AMaze,C,0.1205962074
M4_50x50_C1_l0.5_L.25-CD11,AMaze,AMaze,H,0.0302244796
M4_50x50_C1_l0.5_L.25-CD15,AMaze,AMaze,H,0.0302222066
M4_50x50_C1_l0.5_L.25-CD21,AMaze,AMaze,H,0.0326038593
M4_50x50_C1_l0.5_L.25-CD37,AMaze,AMaze,H,0.0329436853
M4_50x50_C1_l0.5_L.25-DD,AMaze,AMaze,D,0.0196125452
M4_50x50_C1_l0.5_L.25_t0.1_T.5-DD,AMaze,AMaze,D,0.0183217265
M4_50x50_C1_l0.5_L.25_t0.5_T.5-DD,AMaze,AMaze,D,0.0187010872
M4_50x50_C1_l0.5_L.25_t1_T.5-DD,AMaze,AMaze,D,0.0185954037
M4_50x50_C1_l1_L.25-CC11,AMaze,AMaze,C,0.1200664776
M4_50x50_C1_l1_L.25-CC15,AMaze,AMaze,C,0.11359272
M4_50x50_C1_l1_L.25-CC21,AMaze,AMaze,C,0.1240230091
M4_50x50_C1_l1_L.25-CC37,AMaze,AMaze,C,0.1157293869
M4_50x50_C1_l1_L.25-CD11,AMaze,AMaze,H,0.0296470523
M4_50x50_C1_l1_L.25-CD15,AMaze,AMaze,H,0.0283128098
M4_50x50_C1_l1_L.25-CD21,AMaze,AMaze,H,0.0291726335
M4_50x50_C1_l1_L.25-CD37,AMaze,AMaze,H,0.0311324487
M4_50x50_C1_l1_L.25-DD,AMaze,AMaze,D,0.018484016
M4_50x50_C1_l1_L.25_t0.1_T.5-DD,AMaze,AMaze,D,0.0196343519
M4_50x50_C1_l1_L.25_t0.5_T.5-DD,AMaze,AMaze,D,0.0189453282
M4_50x50_C1_l1_L.25_t1_T.5-DD,AMaze,AMaze,D,0.0184753362
M4_50x50_C1_t0.1_T.5-DD,AMaze,AMaze,D,0.0182513384
M4_50x50_C1_t0.5_T.5-DD,AMaze,AMaze,D,0.0185208744
M4_50x50_C1_t1_T.5-DD,AMaze,AMaze,D,0.0215514001
M4_5x5_C1-CC11,AMaze,AMaze,C,0.0899110595
M4_5x5_C1-CC15,AMaze,AMaze,C,0.0863006499
M4_5x5_C1-CC21,AMaze,AMaze,C,0.0929601599
M4_5x5_C1-CC37,AMaze,AMaze,C,0.0905824973
M4_5x5_C1-CD11,AMaze,AMaze,H,0.0228859383
M4_5x5_C1-CD15,AMaze,AMaze,H,0.0250596452
M4_5x5_C1-CD21,AMaze,AMaze,H,0.024555284
M4_5x5_C1-CD37,AMaze,AMaze,H,0.030660793
M4_5x5_C1-DD,AMaze,AMaze,D,0.0093852294
M4_5x5_C1_l0.1_L.25-CC11,AMaze,AMaze,C,0.0907058268
M4_5x5_C1_l0.1_L.25-CC15,AMaze,AMaze,C,0.0901145572
M4_5x5_C1_l0.1_L.25-CC21,AMaze,AMaze,C,0.086878191
M4_5x5_C1_l0.1_L.25-CC37,AMaze,AMaze,C,0.0910448746
M4_5x5_C1_l0.1_L.25-CD11,AMaze,AMaze,H,0.0261191565
M4_5x5_C1_l0.1_L.25-CD15,AMaze,AMaze,H,0.0281581609
M4_5x5_C1_l0.1_L.25-CD21,AMaze,AMaze,H,0.029751852
M4_5x5_C1_l0.1_L.25-CD37,AMaze,AMaze,H,0.0423098098
M4_5x5_C1_l0.1_L.25-DD,AMaze,AMaze,D,0.0116295057
M4_5x5_C1_l0.1_L.25_t0.1_T.5-DD,AMaze,AMaze,D,0.0093526325
M4_5x5_C1_l0.1_L.25_t0.5_T.5-DD,AMaze,AMaze,D,0.0091619887
M4_5x5_C1_l0.1_L.25_t1_T.5-DD,AMaze,AMaze,D,0.0092243121
M4_5x5_C1_l0.5_L.25-CC11,AMaze,AMaze,C,0.0916392762
M4_5x5_C1_l0.5_L.25-CC15,AMaze,AMaze,C,0.0936839597
M4_5x5_C1_l0.5_L.25-CC21,AMaze,AMaze,C,0.0949426583
M4_5x5_C1_l0.5_L.25-CC37,AMaze,AMaze,C,0.0963127471
M4_5x5_C1_l0.5_L.25-CD11,AMaze,AMaze,H,0.0255606785
M4_5x5_C1_l0.5_L.25-CD15,AMaze,AMaze,H,0.028815141
M4_5x5_C1_l0.5_L.25-CD21,AMaze,AMaze,H,0.0296291176
M4_5x5_C1_l0.5_L.25-CD37,AMaze,AMaze,H,0.0431814248
M4_5x5_C1_l0.5_L.25-DD,AMaze,AMaze,D,0.0093289102
M4_5x5_C1_l0.5_L.25_t0.1_T.5-DD,AMaze,AMaze,D,0.0090346491
M4_5x5_C1_l0.5_L.25_t0.5_T.5-DD,AMaze,AMaze,D,0.0090231161
M4_5x5_C1_l0.5_L.25_t1_T.5-DD,AMaze,AMaze,D,0.009066828
M4_5x5_C1_l1_L.25-CC11,AMaze,AMaze,C,0.0848215906
M4_5x5_C1_l1_L.25-CC15,AMaze,AMaze,C,0.0861557909
M4_5x5_C1_l1_L.25-CC21,AMaze,AMaze,C,0.094468013
M4_5x5_C1_l1_L.25-CC37,AMaze,AMaze,C,0.0916708433
M4_5x5_C1_l1_L.25-CD11,AMaze,AMaze,H,0.0253800219
M4_5x5_C1_l1_L.25-CD15,AMaze,AMaze,H,0.0267800626
M4_5x5_C1_l1_L.25-CD21,AMaze,AMaze,H,0.0292480758
M4_5x5_C1_l1_L.25-CD37,AMaze,AMaze,H,0.0425156511
M4_5x5_C1_l1_L.25-DD,AMaze,AMaze,D,0.0089564804
M4_5x5_C1_l1_L.25_t0.1_T.5-DD,AMaze,AMaze,D,0.0088827493
M4_5x5_C1_l1_L.25_t0.5_T.5-DD,AMaze,AMaze,D,0.0087842072
M4_5x5_C1_l1_L.25_t1_T.5-DD,AMaze,AMaze,D,0.0088134138
M4_5x5_C1_t0.1_T.5-DD,AMaze,AMaze,D,0.009149563
M4_5x5_C1_t0.5_T.5-DD,AMaze,AMaze,D,0.0093569123
M4_5x5_C1_t1_T.5-DD,AMaze,AMaze,D,0.0093548075
ALE/Adventure-v5,Gymnasium,ALE,,0.3486948102
ALE/AirRaid-v5,Gymnasium,ALE,,0.3827590733
ALE/Alien-v5,Gymnasium,ALE,,0.5549759502
ALE/Amidar-v5,Gymnasium,ALE,,0.4150950891
ALE/Assault-v5,Gymnasium,ALE,,0.315825507
ALE/Asterix-v5,Gymnasium,ALE,,0.3285097237
ALE/Asteroids-v5,Gymnasium,ALE,,0.3476492349
ALE/Atlantis-v5,Gymnasium,ALE,,0.4057787862
ALE/Atlantis2-v5,Gymnasium,ALE,,0.3983219554
ALE/Backgammon-v5,Gymnasium,ALE,,0.3982023397
ALE/BankHeist-v5,Gymnasium,ALE,,0.3380354074
ALE/BasicMath-v5,Gymnasium,ALE,,0.2888125865
ALE/BattleZone-v5,Gymnasium,ALE,,0.4484721225
ALE/BeamRider-v5,Gymnasium,ALE,,0.4111543163
ALE/Berzerk-v5,Gymnasium,ALE,,0.34405264
ALE/Blackjack-v5,Gymnasium,ALE,,0.3520028553
ALE/Bowling-v5,Gymnasium,ALE,,0.3075289212
ALE/Boxing-v5,Gymnasium,ALE,,0.5214371096
ALE/Breakout-v5,Gymnasium,ALE,,0.4309541318
ALE/Carnival-v5,Gymnasium,ALE,,0.3315347451
ALE/Casino-v5,Gymnasium,ALE,,0.5329193723
ALE/Centipede-v5,Gymnasium,ALE,,0.3646243804
ALE/ChopperCommand-v5,Gymnasium,ALE,,0.4473893048
ALE/CrazyClimber-v5,Gymnasium,ALE,,0.3107643289
ALE/Crossbow-v5,Gymnasium,ALE,,0.4484120664
ALE/Darkchambers-v5,Gymnasium,ALE,,0.4103337993
ALE/Defender-v5,Gymnasium,ALE,,0.3066468246
ALE/DemonAttack-v5,Gymnasium,ALE,,0.3162738842
ALE/DonkeyKong-v5,Gymnasium,ALE,,0.4251149975
ALE/DoubleDunk-v5,Gymnasium,ALE,,0.4400777891
ALE/Earthworld-v5,Gymnasium,ALE,,0.2967784644
ALE/ElevatorAction-v5,Gymnasium,ALE,,0.4185288436
ALE/Enduro-v5,Gymnasium,ALE,,0.4978504638
ALE/Entombed-v5,Gymnasium,ALE,,0.3447415063
ALE/Et-v5,Gymnasium,ALE,,0.3649043355
ALE/FishingDerby-v5,Gymnasium,ALE,,0.5583848433
ALE/FlagCapture-v5,Gymnasium,ALE,,0.2937701229
ALE/Freeway-v5,Gymnasium,ALE,,0.6025666924
ALE/Frogger-v5,Gymnasium,ALE,,0.3886959258
ALE/Frostbite-v5,Gymnasium,ALE,,0.4544392288
ALE/Galaxian-v5,Gymnasium,ALE,,0.4726522481
ALE/Gopher-v5,Gymnasium,ALE,,0.3327448723
ALE/Gravitar-v5,Gymnasium,ALE,,0.3944734363
ALE/Hangman-v5,Gymnasium,ALE,,0.3227059385
ALE/HauntedHouse-v5,Gymnasium,ALE,,0.3304440239
ALE/Hero-v5,Gymnasium,ALE,,0.5235516029
ALE/HumanCannonball-v5,Gymnasium,ALE,,0.3751705573
ALE/IceHockey-v5,Gymnasium,ALE,,0.4470049379
ALE/Jamesbond-v5,Gymnasium,ALE,,0.3488256234
ALE/JourneyEscape-v5,Gymnasium,ALE,,0.6096617282
ALE/Kaboom-v5,Gymnasium,ALE,,0.3635869065
ALE/Kangaroo-v5,Gymnasium,ALE,,0.4267219609
ALE/KeystoneKapers-v5,Gymnasium,ALE,,0.4823067563
ALE/KingKong-v5,Gymnasium,ALE,,0.3775579261
ALE/Klax-v5,Gymnasium,ALE,,0.4487667893
ALE/Koolaid-v5,Gymnasium,ALE,,0.4332166008
ALE/Krull-v5,Gymnasium,ALE,,0.4691762522
ALE/KungFuMaster-v5,Gymnasium,ALE,,0.446328892
ALE/LaserGates-v5,Gymnasium,ALE,,0.3964537642
ALE/LostLuggage-v5,Gymnasium,ALE,,0.3487157878
ALE/MarioBros-v5,Gymnasium,ALE,,0.3628465995
ALE/MiniatureGolf-v5,Gymnasium,ALE,,0.3201938794
ALE/MontezumaRevenge-v5,Gymnasium,ALE,,0.4296679238
ALE/MrDo-v5,Gymnasium,ALE,,0.4646550302
ALE/MsPacman-v5,Gymnasium,ALE,,0.3992884669
ALE/NameThisGame-v5,Gymnasium,ALE,,0.4398377963
ALE/Othello-v5,Gymnasium,ALE,,0.7133490277
ALE/Pacman-v5,Gymnasium,ALE,,0.440375984
ALE/Phoenix-v5,Gymnasium,ALE,,0.3200027378
ALE/Pitfall-v5,Gymnasium,ALE,,0.4513890443
ALE/Pitfall2-v5,Gymnasium,ALE,,0.7571929002
ALE/Pong-v5,Gymnasium,ALE,,0.3619179094
ALE/Pooyan-v5,Gymnasium,ALE,,0.4446346605
ALE/PrivateEye-v5,Gymnasium,ALE,,0.4821456084
ALE/Qbert-v5,Gymnasium,ALE,,0.3893770411
ALE/Riverraid-v5,Gymnasium,ALE,,0.4396472978
ALE/RoadRunner-v5,Gymnasium,ALE,,0.4854657332
ALE/Robotank-v5,Gymnasium,ALE,,0.5430074505
ALE/Seaquest-v5,Gymnasium,ALE,,0.3905769726
ALE/SirLancelot-v5,Gymnasium,ALE,,0.3531042583
ALE/Skiing-v5,Gymnasium,ALE,,0.410843077
ALE/Solaris-v5,Gymnasium,ALE,,0.5335600588
ALE/SpaceInvaders-v5,Gymnasium,ALE,,0.3845967278
ALE/SpaceWar-v5,Gymnasium,ALE,,0.3176136268
ALE/StarGunner-v5,Gymnasium,ALE,,0.2859887355
ALE/Superman-v5,Gymnasium,ALE,,0.2948894628
ALE/Surround-v5,Gymnasium,ALE,,0.3398783153
ALE/Tennis-v5,Gymnasium,ALE,,0.4447911368
ALE/Tetris-v5,Gymnasium,ALE,,0.4827331048
ALE/TicTacToe3D-v5,Gymnasium,ALE,,0.5247851615
ALE/TimePilot-v5,Gymnasium,ALE,,0.342086572
ALE/Trondead-v5,Gymnasium,ALE,,0.3799614955
ALE/Turmoil-v5,Gymnasium,ALE,,0.3104469469
ALE/Tutankham-v5,Gymnasium,ALE,,0.3845003332
ALE/UpNDown-v5,Gymnasium,ALE,,0.6772580516
ALE/Venture-v5,Gymnasium,ALE,,0.3785041786
ALE/VideoCheckers-v5,Gymnasium,ALE,,0.594896729
ALE/VideoChess-v5,Gymnasium,ALE,,0.4776998651
ALE/VideoCube-v5,Gymnasium,ALE,,0.6054787152
ALE/VideoPinball-v5,Gymnasium,ALE,,0.5510682681
ALE/WizardOfWor-v5,Gymnasium,ALE,,0.359868095
ALE/WordZapper-v5,Gymnasium,ALE,,0.4020755606
ALE/YarsRevenge-v5,Gymnasium,ALE,,0.3472742569
ALE/Zaxxon-v5,Gymnasium,ALE,,0.4005061078
BipedalWalker-v3,Gymnasium,Box2D,,0.1564903527
BipedalWalkerHardcore-v3,Gymnasium,Box2D,,0.1509012515
CarRacing-v2,Gymnasium,Box2D,,5.1651070241
CarRacing-v3,Gymnasium,Box2D,,6.1808425067
LunarLander-v2,Gymnasium,Box2D,,0.033121788
LunarLander-v3,Gymnasium,Box2D,,0.0381565917
LunarLanderContinuous-v2,Gymnasium,Box2D,,0.0695990693
LunarLanderContinuous-v3,Gymnasium,Box2D,,0.0740787558
Acrobot-v1,Gymnasium,Classic Control,,0.0533541703
CartPole-v1,Gymnasium,Classic Control,,0.0065964449
MountainCar-v0,Gymnasium,Classic Control,,0.0113060198
MountainCarContinuous-v0,Gymnasium,Classic Control,,0.0232986869
Pendulum-v1,Gymnasium,Classic Control,,0.0378497551
Ant-v4,Gymnasium,Mujoco,,0.2247179646
Ant-v5,Gymnasium,Mujoco,,0.2551504265
HalfCheetah-v4,Gymnasium,Mujoco,,0.0655998545
HalfCheetah-v5,Gymnasium,Mujoco,,0.0718730106
Hopper-v4,Gymnasium,Mujoco,,0.1164602669
Hopper-v5,Gymnasium,Mujoco,,0.1318548137
Humanoid-v4,Gymnasium,Mujoco,,0.2459943739
Humanoid-v5,Gymnasium,Mujoco,,0.2822872159
HumanoidStandup-v4,Gymnasium,Mujoco,,0.3608339797
HumanoidStandup-v5,Gymnasium,Mujoco,,0.3706090864
InvertedDoublePendulum-v4,Gymnasium,Mujoco,,0.0736194644
InvertedDoublePendulum-v5,Gymnasium,Mujoco,,0.0888899808
InvertedPendulum-v4,Gymnasium,Mujoco,,0.0465712517
InvertedPendulum-v5,Gymnasium,Mujoco,,0.0516701754
Pusher-v4,Gymnasium,Mujoco,,0.0850143205
Pusher-v5,Gymnasium,Mujoco,,0.0909652341
Reacher-v4,Gymnasium,Mujoco,,0.0626354975
Reacher-v5,Gymnasium,Mujoco,,0.0676368016
Swimmer-v4,Gymnasium,Mujoco,,0.071264552
Swimmer-v5,Gymnasium,Mujoco,,0.0815624647
Walker2d-v4,Gymnasium,Mujoco,,0.1284106456
Walker2d-v5,Gymnasium,Mujoco,,0.1265793197
Blackjack-v1,Gymnasium,Toy Text,,0.0419417285
CliffWalking-v0,Gymnasium,Toy Text,,0.0080604788
FrozenLake-v1,Gymnasium,Toy Text,,0.0094446504
FrozenLake8x8-v1,Gymnasium,Toy Text,,0.008394663
Taxi-v3,Gymnasium,Toy Text,,0.012280157
AddamsFamily-GameBoy,Retro-Gym,GameBoy,,0.2525258425
AdventureIsland-GameBoy,Retro-Gym,GameBoy,,0.1751660553
AdventuresOfStarSaver-GameBoy,Retro-Gym,GameBoy,,0.1920437347
AeroStar-GameBoy,Retro-Gym,GameBoy,,0.1993807552
AfterBurst-GameBoy,Retro-Gym,GameBoy,,0.1878779718
AlfredChicken-GameBoy,Retro-Gym,GameBoy,,0.1982479679
Alleyway-GameBoy,Retro-Gym,GameBoy,,0.1698886365
AmazingPenguin-GameBoy,Retro-Gym,GameBoy,,0.1756765545
AsterixAndObelix-GameBoy,Retro-Gym,GameBoy,,0.2252453503
Asteroids-GameBoy,Retro-Gym,GameBoy,,0.1761552979
AstroRabby-GameBoy,Retro-Gym,GameBoy,,0.1862815104
AttackOfTheKillerTomatoes-GameBoy,Retro-Gym,GameBoy,,0.2023948424
BakuretsuSenshiWarrior-GameBoy,Retro-Gym,GameBoy,,0.1789582999
BalloonKid-GameBoy,Retro-Gym,GameBoy,,0.2199221778
BanishingRacer-GameBoy,Retro-Gym,GameBoy,,0.2105716905
BartSimpsonsEscapeFromCampDeadly-GameBoy,Retro-Gym,GameBoy,,0.1837922547
BattleArenaToshinden-GameBoy,Retro-Gym,GameBoy,,0.1969210564
BattleBull-GameBoy,Retro-Gym,GameBoy,,0.1874806346
BattleUnitZeoth-GameBoy,Retro-Gym,GameBoy,,0.2549003507
BattletoadsInRagnaroksWorld-GameBoy,Retro-Gym,GameBoy,,0.2182670122
BillAndTedsExcellentGameBoyAdventure-GameBoy,Retro-Gym,GameBoy,,0.2803975895
BlockKuzushiGB-GameBoy,Retro-Gym,GameBoy,,0.1860279498
BombJack-GameBoy,Retro-Gym,GameBoy,,0.1877985645
BoobyBoys-GameBoy,Retro-Gym,GameBoy,,0.2003874778
BoulderDash-GameBoy,Retro-Gym,GameBoy,,0.1853082637
BubbleGhost-GameBoy,Retro-Gym,GameBoy,,0.2067976493
GradiusTheInterstellarAssault-GameBoy,Retro-Gym,GameBoy,,0.1998177815
3NinjasKickBack-Genesis,Retro-Gym,Genesis,,0.6371157225
AaahhRealMonsters-Genesis,Retro-Gym,Genesis,,0.6965669696
AddamsFamily-Genesis,Retro-Gym,Genesis,,0.587761771
AdvancedBusterhawkGleylancer-Genesis,Retro-Gym,Genesis,,0.4188444277
AdventuresOfBatmanAndRobin-Genesis,Retro-Gym,Genesis,,0.5088450267
AdventuresOfMightyMax-Genesis,Retro-Gym,Genesis,,0.3838274453
AdventuresOfRockyAndBullwinkleAndFriends-Genesis,Retro-Gym,Genesis,,0.4256032661
AeroTheAcroBat2-Genesis,Retro-Gym,Genesis,,0.4367426163
AfterBurnerII-Genesis,Retro-Gym,Genesis,,0.6147873048
AirBuster-Genesis,Retro-Gym,Genesis,,0.4472555362
AirDiver-Genesis,Retro-Gym,Genesis,,0.4450979134
Airstriker-Genesis,Retro-Gym,Genesis,,0.3891026823
AlienSoldier-Genesis,Retro-Gym,Genesis,,0.5244061809
AlteredBeast-Genesis,Retro-Gym,Genesis,,0.4885471614
AmericanGladiators-Genesis,Retro-Gym,Genesis,,0.4135314156
ArchRivalsTheArcadeGame-Genesis,Retro-Gym,Genesis,,0.5009762973
ArielTheLittleMermaid-Genesis,Retro-Gym,Genesis,,0.440423227
ArrowFlash-Genesis,Retro-Gym,Genesis,,0.4254229137
ArtOfFighting-Genesis,Retro-Gym,Genesis,,0.5108731717
AsterixAndTheGreatRescue-Genesis,Retro-Gym,Genesis,,0.4573479267
AsterixAndThePowerOfTheGods-Genesis,Retro-Gym,Genesis,,0.4777539899
AtomicRoboKid-Genesis,Retro-Gym,Genesis,,0.4386982002
AtomicRunner-Genesis,Retro-Gym,Genesis,,0.3745542869
AwesomePossumKicksDrMachinosButt-Genesis,Retro-Gym,Genesis,,0.4653702151
AyrtonSennasSuperMonacoGPII-Genesis,Retro-Gym,Genesis,,0.4245590352
BOB-Genesis,Retro-Gym,Genesis,,0.4540540895
BackToTheFuturePartIII-Genesis,Retro-Gym,Genesis,,0.3868107316
BarkleyShutUpAndJam-Genesis,Retro-Gym,Genesis,,0.492038483
BarkleyShutUpAndJam2-Genesis,Retro-Gym,Genesis,,0.5244637404
BarneysHideAndSeekGame-Genesis,Retro-Gym,Genesis,,0.4849188806
Batman-Genesis,Retro-Gym,Genesis,,0.5011859127
BatmanReturns-Genesis,Retro-Gym,Genesis,,0.479317077
BattleSquadron-Genesis,Retro-Gym,Genesis,,0.5391799606
BattleTechAGameOfArmoredCombat-Genesis,Retro-Gym,Genesis,,0.527545099
Battletoads-Genesis,Retro-Gym,Genesis,,0.483348964
BattletoadsDoubleDragon-Genesis,Retro-Gym,Genesis,,0.4289779823
BeautyAndTheBeastBellesQuest-Genesis,Retro-Gym,Genesis,,0.4467336209
BeautyAndTheBeastRoarOfTheBeast-Genesis,Retro-Gym,Genesis,,0.4608241931
BiminiRun-Genesis,Retro-Gym,Genesis,,0.4841992837
BioHazardBattle-Genesis,Retro-Gym,Genesis,,0.4557146651
BishoujoSenshiSailorMoon-Genesis,Retro-Gym,Genesis,,0.4614649041
BladesOfVengeance-Genesis,Retro-Gym,Genesis,,0.4588197459
Blockout-Genesis,Retro-Gym,Genesis,,0.4437845866
BodyCount-Genesis,Retro-Gym,Genesis,,0.5150592248
BoogermanAPickAndFlickAdventure-Genesis,Retro-Gym,Genesis,,0.4797637012
BoogieWoogieBowling-Genesis,Retro-Gym,Genesis,,0.4486889636
BoxingLegendsOfTheRing-Genesis,Retro-Gym,Genesis,,0.4185665275
BramStokersDracula-Genesis,Retro-Gym,Genesis,,0.466181951
BubbaNStix-Genesis,Retro-Gym,Genesis,,0.4662996327
BubbleAndSqueak-Genesis,Retro-Gym,Genesis,,0.4230778515
BubsyII-Genesis,Retro-Gym,Genesis,,0.4808848382
BubsyInClawsEncountersOfTheFurredKind-Genesis,Retro-Gym,Genesis,,0.4536832493
BullsVersusBlazersAndTheNBAPlayoffs-Genesis,Retro-Gym,Genesis,,0.4766115299
BullsVsLakersAndTheNBAPlayoffs-Genesis,Retro-Gym,Genesis,,0.5175517965
BurningForce-Genesis,Retro-Gym,Genesis,,0.4522204093
Cadash-Genesis,Retro-Gym,Genesis,,0.5034429339
CalRipkenJrBaseball-Genesis,Retro-Gym,Genesis,,0.4461559079
Caliber50-Genesis,Retro-Gym,Genesis,,0.4370677726
CaliforniaGames-Genesis,Retro-Gym,Genesis,,0.4580995836
CannonFodder-Genesis,Retro-Gym,Genesis,,0.4332103002
CaptainAmericaAndTheAvengers-Genesis,Retro-Gym,Genesis,,0.4386571757
CaptainPlanetAndThePlaneteers-Genesis,Retro-Gym,Genesis,,0.4677087319
CastleOfIllusion-Genesis,Retro-Gym,Genesis,,0.4443761832
CastlevaniaBloodlines-Genesis,Retro-Gym,Genesis,,0.4679973985
CastlevaniaTheNewGeneration-Genesis,Retro-Gym,Genesis,,0.5228949802
ChampionsWorldClassSoccer-Genesis,Retro-Gym,Genesis,,0.460670824
ChampionshipProAm-Genesis,Retro-Gym,Genesis,,0.4311982668
ChaosEngine-Genesis,Retro-Gym,Genesis,,0.4708774234
ChaseHQII-Genesis,Retro-Gym,Genesis,,0.4601960195
CheeseCatAstropheStarringSpeedyGonzales-Genesis,Retro-Gym,Genesis,,0.5136337338
ChesterCheetahTooCoolToFool-Genesis,Retro-Gym,Genesis,,0.4443076283
ChesterCheetahWildWildQuest-Genesis,Retro-Gym,Genesis,,0.4089000831
ChiChisProChallengeGolf-Genesis,Retro-Gym,Genesis,,0.4594783333
ChikiChikiBoys-Genesis,Retro-Gym,Genesis,,0.4687562217
ChuckRock-Genesis,Retro-Gym,Genesis,,0.4768785084
ChuckRockIISonOfChuck-Genesis,Retro-Gym,Genesis,,0.4622350476
ClayFighter-Genesis,Retro-Gym,Genesis,,0.4660633393
Cliffhanger-Genesis,Retro-Gym,Genesis,,0.42856025
CollegeSlam-Genesis,Retro-Gym,Genesis,,0.5362408054
Columns-Genesis,Retro-Gym,Genesis,,0.4559627606
ColumnsIII-Genesis,Retro-Gym,Genesis,,0.4909167272
CombatCars-Genesis,Retro-Gym,Genesis,,0.480958985
ComixZone-Genesis,Retro-Gym,Genesis,,0.5506141012
CoolSpot-Genesis,Retro-Gym,Genesis,,0.443816693
CrackDown-Genesis,Retro-Gym,Genesis,,0.4528835152
CrueBallHeavyMetalPinball-Genesis,Retro-Gym,Genesis,,0.4412652307
Curse-Genesis,Retro-Gym,Genesis,,0.4388416425
CutieSuzukiNoRingsideAngel-Genesis,Retro-Gym,Genesis,,0.4849076087
CutthroatIsland-Genesis,Retro-Gym,Genesis,,0.4998045054
Cyberball-Genesis,Retro-Gym,Genesis,,0.4503252415
CyborgJustice-Genesis,Retro-Gym,Genesis,,0.4621252589
DJBoy-Genesis,Retro-Gym,Genesis,,0.4740275513
DaisenpuuTwinHawk-Genesis,Retro-Gym,Genesis,,0.4597381481
DangerousSeed-Genesis,Retro-Gym,Genesis,,0.43436175
DariusII-Genesis,Retro-Gym,Genesis,,0.5097606957
DarkCastle-Genesis,Retro-Gym,Genesis,,0.4220910961
Darwin4081-Genesis,Retro-Gym,Genesis,,0.4353542961
DashinDesperadoes-Genesis,Retro-Gym,Genesis,,0.4507143619
DavidRobinsonsSupremeCourt-Genesis,Retro-Gym,Genesis,,0.4827621273
DazeBeforeChristmas-Genesis,Retro-Gym,Genesis,,0.5002467365
DeadlyMoves-Genesis,Retro-Gym,Genesis,,0.4239877395
DeathDuel-Genesis,Retro-Gym,Genesis,,0.4963283741
DesertStrikeReturnToTheGulf-Genesis,Retro-Gym,Genesis,,0.4337799862
DevilCrashMD-Genesis,Retro-Gym,Genesis,,0.5173076258
DevilishTheNextPossession-Genesis,Retro-Gym,Genesis,,0.4295064953
DickTracy-Genesis,Retro-Gym,Genesis,,0.459557358
DickVitalesAwesomeBabyCollegeHoops-Genesis,Retro-Gym,Genesis,,0.5038868953
DinoLand-Genesis,Retro-Gym,Genesis,,0.4697371163
DoubleDragon-Genesis,Retro-Gym,Genesis,,0.4431316588
DoubleDragonIITheRevenge-Genesis,Retro-Gym,Genesis,,0.4494063585
DoubleDragonVTheShadowFalls-Genesis,Retro-Gym,Genesis,,0.4675357637
DoubleDribbleThePlayoffEdition-Genesis,Retro-Gym,Genesis,,0.4980116743
DrRobotniksMeanBeanMachine-Genesis,Retro-Gym,Genesis,,0.5071569283
DragonTheBruceLeeStory-Genesis,Retro-Gym,Genesis,,0.4998484604
DragonsRevenge-Genesis,Retro-Gym,Genesis,,0.5251340298
DreamTeamUSA-Genesis,Retro-Gym,Genesis,,0.4724002879
DynamiteDuke-Genesis,Retro-Gym,Genesis,,0.4985030743
DynamiteHeaddy-Genesis,Retro-Gym,Genesis,,0.4332697507
ESPNBaseballTonight-Genesis,Retro-Gym,Genesis,,0.4286678395
EarnestEvans-Genesis,Retro-Gym,Genesis,,0.4747851442
ElViento-Genesis,Retro-Gym,Genesis,,0.4555496681
ElementalMaster-Genesis,Retro-Gym,Genesis,,0.4702573194
EliminateDown-Genesis,Retro-Gym,Genesis,,0.5096049778
EuropeanClubSoccer-Genesis,Retro-Gym,Genesis,,0.5567396699
ExMutants-Genesis,Retro-Gym,Genesis,,0.4718134728
F1-Genesis,Retro-Gym,Genesis,,0.5054159511
FZSenkiAxisFinalZone-Genesis,Retro-Gym,Genesis,,0.4677628171
FaeryTaleAdventure-Genesis,Retro-Gym,Genesis,,0.4670440806
Fantasia-Genesis,Retro-Gym,Genesis,,0.5235945158
FantasticDizzy-Genesis,Retro-Gym,Genesis,,0.4864786056
FatalFury-Genesis,Retro-Gym,Genesis,,0.453993265
FatalFury2-Genesis,Retro-Gym,Genesis,,0.4591117789
FatalLabyrinth-Genesis,Retro-Gym,Genesis,,0.4555406644
FatalRewind-Genesis,Retro-Gym,Genesis,,0.4437109807
FerrariGrandPrixChallenge-Genesis,Retro-Gym,Genesis,,0.4665616833
FightingMasters-Genesis,Retro-Gym,Genesis,,0.4609136939
Flicky-Genesis,Retro-Gym,Genesis,,0.4389467622
Flintstones-Genesis,Retro-Gym,Genesis,,0.477728877
ForemanForReal-Genesis,Retro-Gym,Genesis,,0.4636937526
ForgottenWorlds-Genesis,Retro-Gym,Genesis,,0.4516897257
FrankThomasBigHurtBaseball-Genesis,Retro-Gym,Genesis,,0.4920163937
Frogger-Genesis,Retro-Gym,Genesis,,0.320512124
GadgetTwins-Genesis,Retro-Gym,Genesis,,0.4697622316
Gaiares-Genesis,Retro-Gym,Genesis,,0.4485673634
GainGround-Genesis,Retro-Gym,Genesis,,0.5023180545
GalaxyForceII-Genesis,Retro-Gym,Genesis,,0.4738715307
Gauntlet-Genesis,Retro-Gym,Genesis,,0.4439943774
GeneralChaos-Genesis,Retro-Gym,Genesis,,0.4623753354
GhoulsnGhosts-Genesis,Retro-Gym,Genesis,,0.4699176855
GlobalGladiators-Genesis,Retro-Gym,Genesis,,0.4833307924
Gods-Genesis,Retro-Gym,Genesis,,0.4256695652
GoldenAxe-Genesis,Retro-Gym,Genesis,,0.5012707296
GoldenAxeIII-Genesis,Retro-Gym,Genesis,,0.4631502274
Granada-Genesis,Retro-Gym,Genesis,,0.4860857111
GreatCircusMysteryStarringMickeyAndMinnie-Genesis,Retro-Gym,Genesis,,0.4626649151
GreatWaldoSearch-Genesis,Retro-Gym,Genesis,,0.3989343051
GreendogTheBeachedSurferDude-Genesis,Retro-Gym,Genesis,,0.4532250309
GrindStormer-Genesis,Retro-Gym,Genesis,,0.4628877998
Growl-Genesis,Retro-Gym,Genesis,,0.4687975742
Gunship-Genesis,Retro-Gym,Genesis,,0.5253961411
Gynoug-Genesis,Retro-Gym,Genesis,,0.4649160409
HardDrivin-Genesis,Retro-Gym,Genesis,,0.4428157794
Havoc-Genesis,Retro-Gym,Genesis,,0.4880242589
HeavyNova-Genesis,Retro-Gym,Genesis,,0.4698230254
HeavyUnitMegaDriveSpecial-Genesis,Retro-Gym,Genesis,,0.4300362711
Hellfire-Genesis,Retro-Gym,Genesis,,0.4880640362
HomeAlone-Genesis,Retro-Gym,Genesis,,0.5041940606
HomeAlone2LostInNewYork-Genesis,Retro-Gym,Genesis,,0.486506487
Hook-Genesis,Retro-Gym,Genesis,,0.4614735838
Hurricanes-Genesis,Retro-Gym,Genesis,,0.4800129577
IMGInternationalTourTennis-Genesis,Retro-Gym,Genesis,,0.4568495317
IncredibleCrashDummies-Genesis,Retro-Gym,Genesis,,0.4664827819
IncredibleHulk-Genesis,Retro-Gym,Genesis,,0.4777885726
IndianaJonesAndTheLastCrusade-Genesis,Retro-Gym,Genesis,,0.4700231087
InsectorX-Genesis,Retro-Gym,Genesis,,0.4053235125
IshidoTheWayOfStones-Genesis,Retro-Gym,Genesis,,0.391409758
IzzysQuestForTheOlympicRings-Genesis,Retro-Gym,Genesis,,0.4700019973
JamesBond007TheDuel-Genesis,Retro-Gym,Genesis,,0.480307251
JamesPond3-Genesis,Retro-Gym,Genesis,,0.4869949221
JamesPondIICodenameRobocod-Genesis,Retro-Gym,Genesis,,0.4445971707
JamesPondUnderwaterAgent-Genesis,Retro-Gym,Genesis,,0.4514236243
JewelMaster-Genesis,Retro-Gym,Genesis,,0.4743952386
JoeAndMac-Genesis,Retro-Gym,Genesis,,0.4834133226
JuJuDensetsuTokiGoingApeSpit-Genesis,Retro-Gym,Genesis,,0.4508595906
JudgeDredd-Genesis,Retro-Gym,Genesis,,0.497960149
JungleBook-Genesis,Retro-Gym,Genesis,,0.5320695851
JusticeLeagueTaskForce-Genesis,Retro-Gym,Genesis,,0.5217457618
KaGeKiFistsOfSteel-Genesis,Retro-Gym,Genesis,,0.4346689037
KidChameleon-Genesis,Retro-Gym,Genesis,,0.4111322633
KingOfTheMonsters2-Genesis,Retro-Gym,Genesis,,0.5393585908
LastActionHero-Genesis,Retro-Gym,Genesis,,0.4379237387
LastBattle-Genesis,Retro-Gym,Genesis,,0.4214305934
LawnmowerMan-Genesis,Retro-Gym,Genesis,,0.4863698196
LegendOfGalahad-Genesis,Retro-Gym,Genesis,,0.4747558583
LethalEnforcers-Genesis,Retro-Gym,Genesis,,0.473295136
LethalEnforcersIIGunFighters-Genesis,Retro-Gym,Genesis,,0.4974190832
MUSHA-Genesis,Retro-Gym,Genesis,,0.4643448916
MagicalTaruruutoKun-Genesis,Retro-Gym,Genesis,,0.4445610559
MaouRenjishi-Genesis,Retro-Gym,Genesis,,0.4366739858
MarbleMadness-Genesis,Retro-Gym,Genesis,,0.4328297767
Marko-Genesis,Retro-Gym,Genesis,,0.4912606306
Marsupilami-Genesis,Retro-Gym,Genesis,,0.4897596512
MarvelLand-Genesis,Retro-Gym,Genesis,,0.4778303054
McDonaldsTreasureLandAdventure-Genesis,Retro-Gym,Genesis,,0.4595415001
MegaManTheWilyWars-Genesis,Retro-Gym,Genesis,,0.5219793673
MegaSWIV-Genesis,Retro-Gym,Genesis,,0.452248147
MegaTurrican-Genesis,Retro-Gym,Genesis,,0.5150179391
MichaelJacksonsMoonwalker-Genesis,Retro-Gym,Genesis,,0.434704605
MidnightResistance-Genesis,Retro-Gym,Genesis,,0.4650159208
MightyMorphinPowerRangers-Genesis,Retro-Gym,Genesis,,0.4425284323
MightyMorphinPowerRangersTheMovie-Genesis,Retro-Gym,Genesis,,0.506057512
MonsterLair-Genesis,Retro-Gym,Genesis,,0.5326447652
MortalKombat-Genesis,Retro-Gym,Genesis,,0.5461808933
MortalKombat3-Genesis,Retro-Gym,Genesis,,0.5677988631
MortalKombatII-Genesis,Retro-Gym,Genesis,,0.5187966664
MrNutz-Genesis,Retro-Gym,Genesis,,0.4930565664
MsPacMan-Genesis,Retro-Gym,Genesis,,0.4291559491
NewZealandStory-Genesis,Retro-Gym,Genesis,,0.4114885266
NormysBeachBabeORama-Genesis,Retro-Gym,Genesis,,0.4838572186
Ottifants-Genesis,Retro-Gym,Genesis,,0.495716655
PacMania-Genesis,Retro-Gym,Genesis,,0.433463064
Paperboy-Genesis,Retro-Gym,Genesis,,0.4237431785
Paperboy2-Genesis,Retro-Gym,Genesis,,0.4972801777
Phelios-Genesis,Retro-Gym,Genesis,,0.475790394
PinkGoesToHollywood-Genesis,Retro-Gym,Genesis,,0.4721727835
PitFighter-Genesis,Retro-Gym,Genesis,,0.5251264414
PitfallTheMayanAdventure-Genesis,Retro-Gym,Genesis,,0.5143294787
PowerAthlete-Genesis,Retro-Gym,Genesis,,0.4303366216
Predator2-Genesis,Retro-Gym,Genesis,,0.4773238756
Pulseman-Genesis,Retro-Gym,Genesis,,0.4758085399
Punisher-Genesis,Retro-Gym,Genesis,,0.5160845335
QuackShot-Genesis,Retro-Gym,Genesis,,0.4539056728
RadicalRex-Genesis,Retro-Gym,Genesis,,0.4539179714
RaidenDensetsuRaidenTrad-Genesis,Retro-Gym,Genesis,,0.5154952078
RamboIII-Genesis,Retro-Gym,Genesis,,0.5523436767
RangerX-Genesis,Retro-Gym,Genesis,,0.5326941443
RastanSagaII-Genesis,Retro-Gym,Genesis,,0.4856690738
RenAndStimpyShowPresentsStimpysInvention-Genesis,Retro-Gym,Genesis,,0.5004970636
RevengeOfShinobi-Genesis,Retro-Gym,Genesis,,0.4521450681
RiseOfTheRobots-Genesis,Retro-Gym,Genesis,,0.5018737413
RiskyWoods-Genesis,Retro-Gym,Genesis,,0.5720983359
Ristar-Genesis,Retro-Gym,Genesis,,0.4797518882
RoboCop3-Genesis,Retro-Gym,Genesis,,0.4869025264
RocketKnightAdventures-Genesis,Retro-Gym,Genesis,,0.5063710931
RollingThunder2-Genesis,Retro-Gym,Genesis,,0.4528678567
Sagaia-Genesis,Retro-Gym,Genesis,,0.5269763188
SaintSword-Genesis,Retro-Gym,Genesis,,0.498172224
SameSameSame-Genesis,Retro-Gym,Genesis,,0.5219514143
SamuraiShodown-Genesis,Retro-Gym,Genesis,,0.5126344835
SecondSamurai-Genesis,Retro-Gym,Genesis,,0.5366797892
SenjouNoOokamiIIMercs-Genesis,Retro-Gym,Genesis,,0.4571117553
ShadowDancerTheSecretOfShinobi-Genesis,Retro-Gym,Genesis,,0.4820932544
ShadowOfTheBeast-Genesis,Retro-Gym,Genesis,,0.5018050453
ShaqFu-Genesis,Retro-Gym,Genesis,,0.5110874281
ShinobiIIIReturnOfTheNinjaMaster-Genesis,Retro-Gym,Genesis,,0.4784720118
SimpsonsBartVsTheSpaceMutants-Genesis,Retro-Gym,Genesis,,0.4234077186
SkeletonKrew-Genesis,Retro-Gym,Genesis,,0.4900431819
Smurfs-Genesis,Retro-Gym,Genesis,,0.4914869241
Socket-Genesis,Retro-Gym,Genesis,,0.4791869323
SolDeace-Genesis,Retro-Gym,Genesis,,0.4648091404
SoldiersOfFortune-Genesis,Retro-Gym,Genesis,,0.4459636468
SonicAndKnuckles-Genesis,Retro-Gym,Genesis,,0.5076416831
SonicAndKnuckles3-Genesis,Retro-Gym,Genesis,,0.5302057249
SonicTheHedgehog-Genesis,Retro-Gym,Genesis,,0.461121051
SonicTheHedgehog2-Genesis,Retro-Gym,Genesis,,0.4879626553
SonicTheHedgehog3-Genesis,Retro-Gym,Genesis,,0.5107817913
SpaceHarrierII-Genesis,Retro-Gym,Genesis,,0.4880086439
SpaceInvaders91-Genesis,Retro-Gym,Genesis,,0.4988471965
Sparkster-Genesis,Retro-Gym,Genesis,,0.507909071
Splatterhouse2-Genesis,Retro-Gym,Genesis,,0.4648033418
SpotGoesToHollywood-Genesis,Retro-Gym,Genesis,,0.4897680352
SteelEmpire-Genesis,Retro-Gym,Genesis,,0.4577927423
SteelTalons-Genesis,Retro-Gym,Genesis,,0.5186770446
Stormlord-Genesis,Retro-Gym,Genesis,,0.4387944098
StreetFighterIISpecialChampionEdition-Genesis,Retro-Gym,Genesis,,0.4657122106
StreetSmart-Genesis,Retro-Gym,Genesis,,0.5112394135
StreetsOfRage-Genesis,Retro-Gym,Genesis,,0.4700566573
StreetsOfRage2-Genesis,Retro-Gym,Genesis,,0.488292265
StreetsOfRage3-Genesis,Retro-Gym,Genesis,,0.5069120703
Strider-Genesis,Retro-Gym,Genesis,,0.4611892681
SubTerrania-Genesis,Retro-Gym,Genesis,,0.4932736105
SunsetRiders-Genesis,Retro-Gym,Genesis,,0.4664643499
SuperFantasyZone-Genesis,Retro-Gym,Genesis,,0.5521280619
SuperSmashTV-Genesis,Retro-Gym,Genesis,,0.5193166326
SuperThunderBlade-Genesis,Retro-Gym,Genesis,,0.5107462441
Superman-Genesis,Retro-Gym,Genesis,,0.4759521441
SwordOfSodan-Genesis,Retro-Gym,Genesis,,0.491127184
SydOfValis-Genesis,Retro-Gym,Genesis,,0.4415854379
SylvesterAndTweetyInCageyCapers-Genesis,Retro-Gym,Genesis,,0.5174095138
T2TheArcadeGame-Genesis,Retro-Gym,Genesis,,0.4762665097
TargetEarth-Genesis,Retro-Gym,Genesis,,0.4476791439
TaskForceHarrierEX-Genesis,Retro-Gym,Genesis,,0.4571301555
TazMania-Genesis,Retro-Gym,Genesis,,0.4777637999
TeenageMutantNinjaTurtlesTheHyperstoneHeist-Genesis,Retro-Gym,Genesis,,0.4358743591
TeenageMutantNinjaTurtlesTournamentFighters-Genesis,Retro-Gym,Genesis,,0.5567319296
Terminator-Genesis,Retro-Gym,Genesis,,0.4685658321
ThunderForceII-Genesis,Retro-Gym,Genesis,,0.5109728158
ThunderForceIII-Genesis,Retro-Gym,Genesis,,0.4645421099
ThunderForceIV-Genesis,Retro-Gym,Genesis,,0.4970198049
ThunderFox-Genesis,Retro-Gym,Genesis,,0.4495319689
Tick-Genesis,Retro-Gym,Genesis,,0.4876193285
TinHead-Genesis,Retro-Gym,Genesis,,0.4712376257
TinyToonAdventuresBustersHiddenTreasure-Genesis,Retro-Gym,Genesis,,0.4715244544
ToxicCrusaders-Genesis,Retro-Gym,Genesis,,0.5190759087
TrampolineTerror-Genesis,Retro-Gym,Genesis,,0.5052809159
TroubleShooter-Genesis,Retro-Gym,Genesis,,0.4894114398
Truxton-Genesis,Retro-Gym,Genesis,,0.4871890692
Turrican-Genesis,Retro-Gym,Genesis,,0.4587548155
TwinCobraDesertAttackHelicopter-Genesis,Retro-Gym,Genesis,,0.4430403325
TwinkleTale-Genesis,Retro-Gym,Genesis,,0.4258227683
TwoCrudeDudes-Genesis,Retro-Gym,Genesis,,0.4908660176
UndeadLine-Genesis,Retro-Gym,Genesis,,0.5156541506
UniversalSoldier-Genesis,Retro-Gym,Genesis,,0.4596079903
UzuKeobukseon-Genesis,Retro-Gym,Genesis,,0.511100558
VRTroopers-Genesis,Retro-Gym,Genesis,,0.5395955336
VaporTrail-Genesis,Retro-Gym,Genesis,,0.4654297088
Vectorman-Genesis,Retro-Gym,Genesis,,0.5846332997
Vectorman2-Genesis,Retro-Gym,Genesis,,0.5692755551
Viewpoint-Genesis,Retro-Gym,Genesis,,0.5100876813
WaniWaniWorld-Genesis,Retro-Gym,Genesis,,0.4501037571
Wardner-Genesis,Retro-Gym,Genesis,,0.4671587012
WhipRush-Genesis,Retro-Gym,Genesis,,0.5053621288
WiznLiz-Genesis,Retro-Gym,Genesis,,0.4266327315
Wolfchild-Genesis,Retro-Gym,Genesis,,0.506297723
WolverineAdamantiumRage-Genesis,Retro-Gym,Genesis,,0.4924156741
WorldHeroes-Genesis,Retro-Gym,Genesis,,0.4889291743
XDRXDazedlyRay-Genesis,Retro-Gym,Genesis,,0.4093364457
Xenon2Megablast-Genesis,Retro-Gym,Genesis,,0.3933710102
ZeroTheKamikazeSquirrel-Genesis,Retro-Gym,Genesis,,0.4922377749
ZeroWing-Genesis,Retro-Gym,Genesis,,0.5331219189
ZoolNinjaOfTheNthDimension-Genesis,Retro-Gym,Genesis,,0.4687218969
1942-Nes,Retro-Gym,Nes,,0.5026010508
1943-Nes,Retro-Gym,Nes,,0.4607907915
8Eyes-Nes,Retro-Gym,Nes,,0.5511640852
AbadoxTheDeadlyInnerWar-Nes,Retro-Gym,Nes,,0.5216074938
AddamsFamily-Nes,Retro-Gym,Nes,,0.5455493978
AddamsFamilyPugsleysScavengerHunt-Nes,Retro-Gym,Nes,,0.5182075235
AdventureIsland3-Nes,Retro-Gym,Nes,,0.3534594307
AdventureIslandII-Nes,Retro-Gym,Nes,,0.3351783807
AdventuresOfBayouBilly-Nes,Retro-Gym,Nes,,0.3550994342
AdventuresOfDinoRiki-Nes,Retro-Gym,Nes,,0.3316934487
AdventuresOfRockyAndBullwinkleAndFriends-Nes,Retro-Gym,Nes,,0.3413645796
Airwolf-Nes,Retro-Gym,Nes,,0.334087453
AlfredChicken-Nes,Retro-Gym,Nes,,0.325126473
Alien3-Nes,Retro-Gym,Nes,,0.358389274
AlphaMission-Nes,Retro-Gym,Nes,,0.3362201727
Amagon-Nes,Retro-Gym,Nes,,0.2898929306
Argus-Nes,Retro-Gym,Nes,,0.2938552904
Arkanoid-Nes,Retro-Gym,Nes,,0.3237020138
ArkistasRing-Nes,Retro-Gym,Nes,,0.3551948649
Armadillo-Nes,Retro-Gym,Nes,,0.425742427
AstroRoboSasa-Nes,Retro-Gym,Nes,,0.339196511
Astyanax-Nes,Retro-Gym,Nes,,0.3450617715
Athena-Nes,Retro-Gym,Nes,,0.296926417
AtlantisNoNazo-Nes,Retro-Gym,Nes,,0.283660167
AttackAnimalGakuen-Nes,Retro-Gym,Nes,,0.3095617743
AttackOfTheKillerTomatoes-Nes,Retro-Gym,Nes,,0.3535473739
BWings-Nes,Retro-Gym,Nes,,0.2944593865
BadDudes-Nes,Retro-Gym,Nes,,0.3663859268
BadStreetBrawler-Nes,Retro-Gym,Nes,,0.3575866515
BalloonFight-Nes,Retro-Gym,Nes,,0.3317122388
Baltron-Nes,Retro-Gym,Nes,,0.3564478426
BananaPrince-Nes,Retro-Gym,Nes,,0.3315296067
Barbie-Nes,Retro-Gym,Nes,,0.3658370138
BatmanReturns-Nes,Retro-Gym,Nes,,0.3531262125
Battletoads-Nes,Retro-Gym,Nes,,0.2997120478
BinaryLand-Nes,Retro-Gym,Nes,,0.331577454
BioMiracleBokutteUpa-Nes,Retro-Gym,Nes,,0.3708236922
BioSenshiDanIncreaserTonoTatakai-Nes,Retro-Gym,Nes,,0.3047526733
BirdWeek-Nes,Retro-Gym,Nes,,0.2895349116
BoobyKids-Nes,Retro-Gym,Nes,,0.3097792777
BoulderDash-Nes,Retro-Gym,Nes,,0.334264775
BramStokersDracula-Nes,Retro-Gym,Nes,,0.34013358
BreakThru-Nes,Retro-Gym,Nes,,0.356144614
BubbleBobble-Nes,Retro-Gym,Nes,,0.3539517555
BubbleBobblePart2-Nes,Retro-Gym,Nes,,0.372954511
BuckyOHare-Nes,Retro-Gym,Nes,,0.3761370953
BugsBunnyBirthdayBlowout-Nes,Retro-Gym,Nes,,0.3598406976
BuraiFighter-Nes,Retro-Gym,Nes,,0.3409646235
CaptainAmericaAndTheAvengers-Nes,Retro-Gym,Nes,,0.3429540823
CaptainPlanetAndThePlaneteers-Nes,Retro-Gym,Nes,,0.3583700059
CaptainSilver-Nes,Retro-Gym,Nes,,0.3698074368
Castelian-Nes,Retro-Gym,Nes,,0.3019718704
Castlevania-Nes,Retro-Gym,Nes,,0.309415194
CastlevaniaIIIDraculasCurse-Nes,Retro-Gym,Nes,,0.342882266
CatNindenTeyandee-Nes,Retro-Gym,Nes,,0.3619078586
ChacknPop-Nes,Retro-Gym,Nes,,0.3280697875
Challenger-Nes,Retro-Gym,Nes,,0.332428117
Choplifter-Nes,Retro-Gym,Nes,,0.2725755898
ChouFuyuuYousaiExedExes-Nes,Retro-Gym,Nes,,0.3580191473
ChoujikuuYousaiMacross-Nes,Retro-Gym,Nes,,0.3402841058
ChubbyCherub-Nes,Retro-Gym,Nes,,0.3474911514
CircusCaper-Nes,Retro-Gym,Nes,,0.3549877399
CircusCharlie-Nes,Retro-Gym,Nes,,0.3452109801
CityConnection-Nes,Retro-Gym,Nes,,0.3296300859
Cliffhanger-Nes,Retro-Gym,Nes,,0.3471878887
CluCluLand-Nes,Retro-Gym,Nes,,0.3393631244
CobraTriangle-Nes,Retro-Gym,Nes,,0.360760948
CodeNameViper-Nes,Retro-Gym,Nes,,0.354382441
Conan-Nes,Retro-Gym,Nes,,0.2867860073
ConquestOfTheCrystalPalace-Nes,Retro-Gym,Nes,,0.352985959
ContraForce-Nes,Retro-Gym,Nes,,0.3694418626
CosmicEpsilon-Nes,Retro-Gym,Nes,,0.3537734398
CrossFire-Nes,Retro-Gym,Nes,,0.3401826186
Darkman-Nes,Retro-Gym,Nes,,0.3574777072
DashGalaxyInTheAlienAsylum-Nes,Retro-Gym,Nes,,0.3424265505
DefenderII-Nes,Retro-Gym,Nes,,0.3429171724
DigDugIITroubleInParadise-Nes,Retro-Gym,Nes,,0.3414293844
DiggerTheLegendOfTheLostCity-Nes,Retro-Gym,Nes,,0.2982759672
DirtyHarry-Nes,Retro-Gym,Nes,,0.3595133139
DonDokoDon-Nes,Retro-Gym,Nes,,0.3119690903
DonkeyKong-Nes,Retro-Gym,Nes,,0.3222388077
DonkeyKong3-Nes,Retro-Gym,Nes,,0.3443341375
DonkeyKongJr-Nes,Retro-Gym,Nes,,0.3269609063
DoubleDragon-Nes,Retro-Gym,Nes,,0.3802385413
DoubleDragonIITheRevenge-Nes,Retro-Gym,Nes,,0.3636690086
DragonPower-Nes,Retro-Gym,Nes,,0.3164852075
DragonSpiritTheNewLegend-Nes,Retro-Gym,Nes,,0.3601622118
ElevatorAction-Nes,Retro-Gym,Nes,,0.3553486248
Exerion-Nes,Retro-Gym,Nes,,0.3552182721
FantasyZoneIIOpaOpaNoNamida-Nes,Retro-Gym,Nes,,0.3291234166
FelixTheCat-Nes,Retro-Gym,Nes,,0.3679865876
FistOfTheNorthStar-Nes,Retro-Gym,Nes,,0.326659923
FlintstonesTheRescueOfDinoAndHoppy-Nes,Retro-Gym,Nes,,0.3461643755
FlyingDragonTheSecretScroll-Nes,Retro-Gym,Nes,,0.2843057625
FlyingHero-Nes,Retro-Gym,Nes,,0.3067896227
FormationZ-Nes,Retro-Gym,Nes,,0.3476748244
FoxsPeterPanAndThePiratesTheRevengeOfCaptainHook-Nes,Retro-Gym,Nes,,0.3581874646
FrontLine-Nes,Retro-Gym,Nes,,0.3892386599
GIJoeARealAmericanHero-Nes,Retro-Gym,Nes,,0.3547344775
GIJoeTheAtlantisFactor-Nes,Retro-Gym,Nes,,0.3644990889
GalagaDemonsOfDeath-Nes,Retro-Gym,Nes,,0.3606444042
Geimos-Nes,Retro-Gym,Nes,,0.3546524081
GhostsnGoblins-Nes,Retro-Gym,Nes,,0.2966392088
GhoulSchool-Nes,Retro-Gym,Nes,,0.367790317
Gimmick-Nes,Retro-Gym,Nes,,0.3944131953
Gradius-Nes,Retro-Gym,Nes,,0.3641012357
GradiusII-Nes,Retro-Gym,Nes,,0.385899392
GreatTank-Nes,Retro-Gym,Nes,,0.3628290962
Gremlins2TheNewBatch-Nes,Retro-Gym,Nes,,0.3584645238
GuardianLegend-Nes,Retro-Gym,Nes,,0.3630191147
GuerrillaWar-Nes,Retro-Gym,Nes,,0.3620503506
GunNac-Nes,Retro-Gym,Nes,,0.4159709649
Gyrodine-Nes,Retro-Gym,Nes,,0.3362116253
Gyruss-Nes,Retro-Gym,Nes,,0.3775978063
HammerinHarry-Nes,Retro-Gym,Nes,,0.3555784501
HeavyBarrel-Nes,Retro-Gym,Nes,,0.3519218917
HelloKittyWorld-Nes,Retro-Gym,Nes,,0.3415970764
HomeAlone2LostInNewYork-Nes,Retro-Gym,Nes,,0.3972670495
HuntForRedOctober-Nes,Retro-Gym,Nes,,0.3739524291
IceClimber-Nes,Retro-Gym,Nes,,0.3549635347
Ikari-Nes,Retro-Gym,Nes,,0.3197524594
IkariIIITheRescue-Nes,Retro-Gym,Nes,,0.3665593369
Ikki-Nes,Retro-Gym,Nes,,0.3670461911
IndianaJonesAndTheTempleOfDoom-Nes,Retro-Gym,Nes,,0.3575528276
InsectorX-Nes,Retro-Gym,Nes,,0.3059578455
IronSwordWizardsAndWarriorsII-Nes,Retro-Gym,Nes,,0.3315024175
IsolatedWarrior-Nes,Retro-Gym,Nes,,0.3689617287
Jackal-Nes,Retro-Gym,Nes,,0.3226694075
JackieChansActionKungFu-Nes,Retro-Gym,Nes,,0.3546267069
JajamaruNoDaibouken-Nes,Retro-Gym,Nes,,0.3135498524
JamesBondJr-Nes,Retro-Gym,Nes,,0.3681382941
Jaws-Nes,Retro-Gym,Nes,,0.3750628477
JetsonsCogswellsCaper-Nes,Retro-Gym,Nes,,0.3720154052
JoeAndMac-Nes,Retro-Gym,Nes,,0.3926725437
JourneyToSilius-Nes,Retro-Gym,Nes,,0.3726157769
Joust-Nes,Retro-Gym,Nes,,0.3576847588
JungleBook-Nes,Retro-Gym,Nes,,0.3648311916
KabukiQuantumFighter-Nes,Retro-Gym,Nes,,0.3414634391
KaiketsuYanchaMaru2KarakuriLand-Nes,Retro-Gym,Nes,,0.359753469
KaiketsuYanchaMaru3TaiketsuZouringen-Nes,Retro-Gym,Nes,,0.3519614551
KamenNoNinjaAkakage-Nes,Retro-Gym,Nes,,0.319078316
KanshakudamaNageKantarouNoToukaidouGojuusanTsugi-Nes,Retro-Gym,Nes,,0.3020053948
KeroppiToKeroriinuNoSplashBomb-Nes,Retro-Gym,Nes,,0.3420354929
KidIcarus-Nes,Retro-Gym,Nes,,0.3792080618
KidKlownInNightMayorWorld-Nes,Retro-Gym,Nes,,0.3817829431
KidNikiRadicalNinja-Nes,Retro-Gym,Nes,,0.3670654184
KirbysAdventure-Nes,Retro-Gym,Nes,,0.3895712753
KungFu-Nes,Retro-Gym,Nes,,0.3643137876
KungFuHeroes-Nes,Retro-Gym,Nes,,0.3646254639
LastActionHero-Nes,Retro-Gym,Nes,,0.3607339996
LastStarfighter-Nes,Retro-Gym,Nes,,0.3804566075
LegendOfKage-Nes,Retro-Gym,Nes,,0.3541831117
LegendOfPrinceValiant-Nes,Retro-Gym,Nes,,0.3549651778
LegendaryWings-Nes,Retro-Gym,Nes,,0.3294563716
LifeForce-Nes,Retro-Gym,Nes,,0.3205568877
LittleMermaid-Nes,Retro-Gym,Nes,,0.3062241042
LowGManTheLowGravityMan-Nes,Retro-Gym,Nes,,0.2980655323
MCKids-Nes,Retro-Gym,Nes,,0.358762046
Magmax-Nes,Retro-Gym,Nes,,0.3379032069
MappyLand-Nes,Retro-Gym,Nes,,0.3719676904
MarioBros-Nes,Retro-Gym,Nes,,0.3426508292
MechanizedAttack-Nes,Retro-Gym,Nes,,0.3649025135
MegaMan-Nes,Retro-Gym,Nes,,0.3239067425
MegaMan2-Nes,Retro-Gym,Nes,,0.3563145435
MendelPalace-Nes,Retro-Gym,Nes,,0.3761272266
MetalStorm-Nes,Retro-Gym,Nes,,0.3418405687
MickeyMousecapade-Nes,Retro-Gym,Nes,,0.3557214802
MightyBombJack-Nes,Retro-Gym,Nes,,0.3451493749
MightyFinalFight-Nes,Retro-Gym,Nes,,0.3592968922
Millipede-Nes,Retro-Gym,Nes,,0.3407266338
MitsumeGaTooru-Nes,Retro-Gym,Nes,,0.3602612712
MoeroTwinBeeCinnamonHakaseOSukue-Nes,Retro-Gym,Nes,,0.3132322927
MonsterInMyPocket-Nes,Retro-Gym,Nes,,0.3644433712
MonsterParty-Nes,Retro-Gym,Nes,,0.3531119945
MsPacMan-Nes,Retro-Gym,Nes,,0.3571288423
MutantVirusCrisisInAComputerWorld-Nes,Retro-Gym,Nes,,0.3589490858
MysteryQuest-Nes,Retro-Gym,Nes,,0.3563091869
NARC-Nes,Retro-Gym,Nes,,0.3300273037
NinjaCrusaders-Nes,Retro-Gym,Nes,,0.3463358373
NinjaGaiden-Nes,Retro-Gym,Nes,,0.3635839982
NinjaGaidenIIITheAncientShipOfDoom-Nes,Retro-Gym,Nes,,0.365043196
NinjaGaidenIITheDarkSwordOfChaos-Nes,Retro-Gym,Nes,,0.3612112056
NinjaKid-Nes,Retro-Gym,Nes,,0.33783585
NoahsArk-Nes,Retro-Gym,Nes,,0.3725058365
OperationWolf-Nes,Retro-Gym,Nes,,0.3661069496
OverHorizon-Nes,Retro-Gym,Nes,,0.3594864852
POWPrisonersOfWar-Nes,Retro-Gym,Nes,,0.3579331768
PacManNamco-Nes,Retro-Gym,Nes,,0.340696373
PanicRestaurant-Nes,Retro-Gym,Nes,,0.354430787
Paperboy-Nes,Retro-Gym,Nes,,0.3463447086
Parodius-Nes,Retro-Gym,Nes,,0.3984357334
PenguinKunWars-Nes,Retro-Gym,Nes,,0.3589877843
PizzaPop-Nes,Retro-Gym,Nes,,0.3642879553
Pooyan-Nes,Retro-Gym,Nes,,0.3625941621
Popeye-Nes,Retro-Gym,Nes,,0.3464311367
Punisher-Nes,Retro-Gym,Nes,,0.3863907609
PussNBootsPerosGreatAdventure-Nes,Retro-Gym,Nes,,0.3146348949
QBert-Nes,Retro-Gym,Nes,,0.3331600657
Quarth-Nes,Retro-Gym,Nes,,0.3615769325
RainbowIslands-Nes,Retro-Gym,Nes,,0.3231720202
Rampage-Nes,Retro-Gym,Nes,,0.3790466381
Renegade-Nes,Retro-Gym,Nes,,0.326067543
RoboCop2-Nes,Retro-Gym,Nes,,0.3515467522
RoboCop3-Nes,Retro-Gym,Nes,,0.3699472041
RoboWarrior-Nes,Retro-Gym,Nes,,0.3229363795
RoboccoWars-Nes,Retro-Gym,Nes,,0.3788800764
RockinKats-Nes,Retro-Gym,Nes,,0.3640753572
Rollerball-Nes,Retro-Gym,Nes,,0.3565557011
Rollergames-Nes,Retro-Gym,Nes,,0.3736989856
RushnAttack-Nes,Retro-Gym,Nes,,0.3041446004
SCATSpecialCyberneticAttackTeam-Nes,Retro-Gym,Nes,,0.3869844606
SDHeroSoukessenTaoseAkuNoGundan-Nes,Retro-Gym,Nes,,0.3557686445
Sansuu5And6NenKeisanGame-Nes,Retro-Gym,Nes,,0.3546469054
SectionZ-Nes,Retro-Gym,Nes,,0.3133830432
Seicross-Nes,Retro-Gym,Nes,,0.3470418022
SeikimaIIAkumaNoGyakushuu-Nes,Retro-Gym,Nes,,0.3555858882
Shatterhand-Nes,Retro-Gym,Nes,,0.369183875
SilverSurfer-Nes,Retro-Gym,Nes,,0.3389277371
SimpsonsBartVsTheSpaceMutants-Nes,Retro-Gym,Nes,,0.3725119324
SimpsonsBartVsTheWorld-Nes,Retro-Gym,Nes,,0.3597623631
SimpsonsBartmanMeetsRadioactiveMan-Nes,Retro-Gym,Nes,,0.3760649279
SkyDestroyer-Nes,Retro-Gym,Nes,,0.3532895039
SkyKid-Nes,Retro-Gym,Nes,,0.3487607235
SkyShark-Nes,Retro-Gym,Nes,,0.3501081909
SmashTV-Nes,Retro-Gym,Nes,,0.3625189164
Smurfs-Nes,Retro-Gym,Nes,,0.3406627438
SnakeRattleNRoll-Nes,Retro-Gym,Nes,,0.3704433249
SnowBrothers-Nes,Retro-Gym,Nes,,0.3759227058
SonSon-Nes,Retro-Gym,Nes,,0.3603019795
SpaceHarrier-Nes,Retro-Gym,Nes,,0.3480852436
SpaceInvaders-Nes,Retro-Gym,Nes,,0.3261701737
SpartanX2-Nes,Retro-Gym,Nes,,0.3200494553
Spelunker-Nes,Retro-Gym,Nes,,0.3646890468
SpyHunter-Nes,Retro-Gym,Nes,,0.3555723771
Sqoon-Nes,Retro-Gym,Nes,,0.3697416572
StarForce-Nes,Retro-Gym,Nes,,0.3716963669
StarSoldier-Nes,Retro-Gym,Nes,,0.3703213909
StarWars-Nes,Retro-Gym,Nes,,0.366509426
StarshipHector-Nes,Retro-Gym,Nes,,0.3243818898
Stinger-Nes,Retro-Gym,Nes,,0.3158737186
SuperArabian-Nes,Retro-Gym,Nes,,0.3565468971
SuperC-Nes,Retro-Gym,Nes,,0.3658601289
SuperMarioBros-Nes,Retro-Gym,Nes,,0.3563501084
SuperMarioBros3-Nes,Retro-Gym,Nes,,0.3745880397
SuperPitfall-Nes,Retro-Gym,Nes,,0.2935168617
SuperStarForce-Nes,Retro-Gym,Nes,,0.3185101112
SuperXeviousGumpNoNazo-Nes,Retro-Gym,Nes,,0.3662208872
SwampThing-Nes,Retro-Gym,Nes,,0.3755715807
TaiyouNoYuushaFighbird-Nes,Retro-Gym,Nes,,0.3339606907
TakahashiMeijinNoBugutteHoney-Nes,Retro-Gym,Nes,,0.3232156655
TargetRenegade-Nes,Retro-Gym,Nes,,0.3624055035
TeenageMutantNinjaTurtles-Nes,Retro-Gym,Nes,,0.3958791384
TeenageMutantNinjaTurtlesIIITheManhattanProject-Nes,Retro-Gym,Nes,,0.3748719543
TeenageMutantNinjaTurtlesIITheArcadeGame-Nes,Retro-Gym,Nes,,0.3685333575
TeenageMutantNinjaTurtlesTournamentFighters-Nes,Retro-Gym,Nes,,0.3943948391
Terminator2JudgmentDay-Nes,Retro-Gym,Nes,,0.3728366423
TerraCresta-Nes,Retro-Gym,Nes,,0.3161604087
TetrastarTheFighter-Nes,Retro-Gym,Nes,,0.3814573901
TetsuwanAtom-Nes,Retro-Gym,Nes,,0.3242123851
Thexder-Nes,Retro-Gym,Nes,,0.3599789784
ThunderAndLightning-Nes,Retro-Gym,Nes,,0.3353126385
Thundercade-Nes,Retro-Gym,Nes,,0.3336264999
TigerHeli-Nes,Retro-Gym,Nes,,0.3535663132
TimeZone-Nes,Retro-Gym,Nes,,0.3405948515
TinyToonAdventures-Nes,Retro-Gym,Nes,,0.3853433149
Toki-Nes,Retro-Gym,Nes,,0.3659479993
TotalRecall-Nes,Retro-Gym,Nes,,0.3074685952
TotallyRad-Nes,Retro-Gym,Nes,,0.3560741582
ToxicCrusaders-Nes,Retro-Gym,Nes,,0.3508207749
TreasureMaster-Nes,Retro-Gym,Nes,,0.335287867
Trog-Nes,Retro-Gym,Nes,,0.2946368975
Trojan-Nes,Retro-Gym,Nes,,0.3137767128
TrollsInCrazyland-Nes,Retro-Gym,Nes,,0.3698490025
TwinBee-Nes,Retro-Gym,Nes,,0.3643466605
TwinBee3PokoPokoDaimaou-Nes,Retro-Gym,Nes,,0.3336824247
TwinCobra-Nes,Retro-Gym,Nes,,0.3694047866
TwinEagle-Nes,Retro-Gym,Nes,,0.3247648083
Untouchables-Nes,Retro-Gym,Nes,,0.3567242794
UrbanChampion-Nes,Retro-Gym,Nes,,0.3519670206
UruseiYatsuraLumNoWeddingBell-Nes,Retro-Gym,Nes,,0.3104166679
ViceProjectDoom-Nes,Retro-Gym,Nes,,0.3800459781
VolguardII-Nes,Retro-Gym,Nes,,0.3681380722
Warpman-Nes,Retro-Gym,Nes,,0.3579135828
WaynesWorld-Nes,Retro-Gym,Nes,,0.3807032853
Widget-Nes,Retro-Gym,Nes,,0.3682064413
WizardsAndWarriors-Nes,Retro-Gym,Nes,,0.3232634549
WrathOfTheBlackManta-Nes,Retro-Gym,Nes,,0.3620989887
WreckingCrew-Nes,Retro-Gym,Nes,,0.3382401686
Xenophobe-Nes,Retro-Gym,Nes,,0.3608265359
XeviousTheAvenger-Nes,Retro-Gym,Nes,,0.3547744101
Xexyz-Nes,Retro-Gym,Nes,,0.3695373858
YoukaiClub-Nes,Retro-Gym,Nes,,0.3261140675
YoukaiDouchuuki-Nes,Retro-Gym,Nes,,0.3728885314
YoungIndianaJonesChronicles-Nes,Retro-Gym,Nes,,0.3537173737
Zanac-Nes,Retro-Gym,Nes,,0.3183667911
AddamsFamily-Sms,Retro-Gym,Sms,,0.4157520144
Alien3-Sms,Retro-Gym,Sms,,0.2937457788
AlienSyndrome-Sms,Retro-Gym,Sms,,0.2547265446
Asterix-Sms,Retro-Gym,Sms,,0.2499323451
AsterixAndTheGreatRescue-Sms,Retro-Gym,Sms,,0.2572935944
AsterixAndTheSecretMission-Sms,Retro-Gym,Sms,,0.2507936868
AstroWarrior-Sms,Retro-Gym,Sms,,0.2486898229
BladeEagle-Sms,Retro-Gym,Sms,,0.2852676308
BomberRaid-Sms,Retro-Gym,Sms,,0.310591248
BonkersWaxUp-Sms,Retro-Gym,Sms,,0.2595748608
BubbleBobble-Sms,Retro-Gym,Sms,,0.271399072
CheeseCatAstropheStarringSpeedyGonzales-Sms,Retro-Gym,Sms,,0.2592569683
ChuckRock-Sms,Retro-Gym,Sms,,0.2639874393
ChuckRockIISonOfChuck-Sms,Retro-Gym,Sms,,0.2593339013
CloudMaster-Sms,Retro-Gym,Sms,,0.2954390931
ComicalMachineGunJoe-Sms,Retro-Gym,Sms,,0.2722972244
CoolSpot-Sms,Retro-Gym,Sms,,0.268147259
CyberShinobi-Sms,Retro-Gym,Sms,,0.2381012253
DaffyDuckInHollywood-Sms,Retro-Gym,Sms,,0.2660344697
DananTheJungleFighter-Sms,Retro-Gym,Sms,,0.2613958638
DeepDuckTroubleStarringDonaldDuck-Sms,Retro-Gym,Sms,,0.2655994245
DickTracy-Sms,Retro-Gym,Sms,,0.2523462034
DynamiteDuke-Sms,Retro-Gym,Sms,,0.2716419051
FantasyZone-Sms,Retro-Gym,Sms,,0.2584585579
FantasyZoneIITheTearsOfOpaOpa-Sms,Retro-Gym,Sms,,0.3227435025
FantasyZoneTheMaze-Sms,Retro-Gym,Sms,,0.314280921
FinalBubbleBobble-Sms,Retro-Gym,Sms,,0.2690170763
FireAndIce-Sms,Retro-Gym,Sms,,0.2638834472
FushigiNoOshiroPitPot-Sms,Retro-Gym,Sms,,0.2673061827
GalaxyForce-Sms,Retro-Gym,Sms,,0.3209041862
Gauntlet-Sms,Retro-Gym,Sms,,0.2549302396
GlobalDefense-Sms,Retro-Gym,Sms,,0.3225101442
IncredibleHulk-Sms,Retro-Gym,Sms,,0.3021756789
JamesBond007TheDuel-Sms,Retro-Gym,Sms,,0.2505494886
JamesPond2CodenameRoboCod-Sms,Retro-Gym,Sms,,0.2729726549
KungFuKid-Sms,Retro-Gym,Sms,,0.2622500839
LandOfIllusionStarringMickeyMouse-Sms,Retro-Gym,Sms,,0.250910619
LineOfFire-Sms,Retro-Gym,Sms,,0.2690742987
LuckyDimeCaperStarringDonaldDuck-Sms,Retro-Gym,Sms,,0.2577557338
MarbleMadness-Sms,Retro-Gym,Sms,,0.2556869542
MasterOfDarkness-Sms,Retro-Gym,Sms,,0.2654680827
MichaelJacksonsMoonwalker-Sms,Retro-Gym,Sms,,0.2888417646
MsPacMan-Sms,Retro-Gym,Sms,,0.257243061
MyHero-Sms,Retro-Gym,Sms,,0.2634741427
NewZealandStory-Sms,Retro-Gym,Sms,,0.271162995
Ninja-Sms,Retro-Gym,Sms,,0.247986714
NinjaGaiden-Sms,Retro-Gym,Sms,,0.2640310649
Ottifants-Sms,Retro-Gym,Sms,,0.2790460702
PacMania-Sms,Retro-Gym,Sms,,0.2628968313
Paperboy-Sms,Retro-Gym,Sms,,0.2683718782
PitFighter-Sms,Retro-Gym,Sms,,0.2660088321
PoseidonWars3D-Sms,Retro-Gym,Sms,,0.3009417611
PowerStrike-Sms,Retro-Gym,Sms,,0.3241695039
PowerStrikeII-Sms,Retro-Gym,Sms,,0.2707211818
Predator2-Sms,Retro-Gym,Sms,,0.2902725208
PsychicWorld-Sms,Retro-Gym,Sms,,0.2790724079
Quartet-Sms,Retro-Gym,Sms,,0.2536535192
RType-Sms,Retro-Gym,Sms,,0.3201406348
RainbowIslandsStoryOfTheBubbleBobble2-Sms,Retro-Gym,Sms,,0.2806120963
RamboFirstBloodPartII-Sms,Retro-Gym,Sms,,0.2710172262
Renegade-Sms,Retro-Gym,Sms,,0.2767428311
RoboCop3-Sms,Retro-Gym,Sms,,0.2766385838
RoboCopVersusTheTerminator-Sms,Retro-Gym,Sms,,0.2684255845
RunningBattle-Sms,Retro-Gym,Sms,,0.2673581097
Sagaia-Sms,Retro-Gym,Sms,,0.2710711623
Satellite7-Sms,Retro-Gym,Sms,,0.259013078
Shinobi-Sms,Retro-Gym,Sms,,0.3020855163
SonicBlast-Sms,Retro-Gym,Sms,,0.2959829852
SonicTheHedgehog-Sms,Retro-Gym,Sms,,0.2778204626
SonicTheHedgehog2-Sms,Retro-Gym,Sms,,0.288962098
SpaceHarrier-Sms,Retro-Gym,Sms,,0.2586366498
SpaceHarrier3D-Sms,Retro-Gym,Sms,,0.2854518902
SpiderManReturnOfTheSinisterSix-Sms,Retro-Gym,Sms,,0.2752134142
StreetsOfRageII-Sms,Retro-Gym,Sms,,0.2612280614
SubmarineAttack-Sms,Retro-Gym,Sms,,0.255639624
SuperSpaceInvaders-Sms,Retro-Gym,Sms,,0.2633792824
SuperWonderBoy-Sms,Retro-Gym,Sms,,0.2830761855
SupermanTheManOfSteel-Sms,Retro-Gym,Sms,,0.2813412568
T2TheArcadeGame-Sms,Retro-Gym,Sms,,0.2895529135
TazMania-Sms,Retro-Gym,Sms,,0.2738177031
Terminator-Sms,Retro-Gym,Sms,,0.26669818
ThunderBlade-Sms,Retro-Gym,Sms,,0.3111475334
TransBot-Sms,Retro-Gym,Sms,,0.2696070442
Vigilante-Sms,Retro-Gym,Sms,,0.3260823758
Wolfchild-Sms,Retro-Gym,Sms,,0.2600838224
WonderBoyInMonsterWorld-Sms,Retro-Gym,Sms,,0.2567331275
XMenMojoWorld-Sms,Retro-Gym,Sms,,0.2854977798
ZoolNinjaOfTheNthDimension-Sms,Retro-Gym,Sms,,0.2830716959
AcceleBrid-Snes,Retro-Gym,Snes,,1.1438494825
ActRaiser2-Snes,Retro-Gym,Snes,,1.2871743541
ActionPachio-Snes,Retro-Gym,Snes,,0.979367796
AddamsFamily-Snes,Retro-Gym,Snes,,0.8848253417
AddamsFamilyPugsleysScavengerHunt-Snes,Retro-Gym,Snes,,0.7742608835
AdventuresOfDrFranken-Snes,Retro-Gym,Snes,,0.7266491386
AdventuresOfKidKleets-Snes,Retro-Gym,Snes,,0.6940358147
AdventuresOfMightyMax-Snes,Retro-Gym,Snes,,0.9231786446
AdventuresOfRockyAndBullwinkleAndFriends-Snes,Retro-Gym,Snes,,0.6411530212
AdventuresOfYogiBear-Snes,Retro-Gym,Snes,,0.8566622532
AeroFighters-Snes,Retro-Gym,Snes,,0.6442769436
AeroTheAcroBat-Snes,Retro-Gym,Snes,,0.6175242249
AeroTheAcroBat2-Snes,Retro-Gym,Snes,,0.7544688959
AirCavalry-Snes,Retro-Gym,Snes,,0.7067672764
AlfredChicken-Snes,Retro-Gym,Snes,,0.6910050832
AlienVsPredator-Snes,Retro-Gym,Snes,,0.6784551272
ArcherMacleansSuperDropzone-Snes,Retro-Gym,Snes,,0.7743922356
ArdyLightfoot-Snes,Retro-Gym,Snes,,0.6937462024
ArtOfFighting-Snes,Retro-Gym,Snes,,0.7825634599
Asterix-Snes,Retro-Gym,Snes,,0.6859123985
Axelay-Snes,Retro-Gym,Snes,,0.8230721223
BOB-Snes,Retro-Gym,Snes,,0.7428310337
BatmanReturns-Snes,Retro-Gym,Snes,,0.6994669655
BattleMasterKyuukyokuNoSenshiTachi-Snes,Retro-Gym,Snes,,0.7324313204
BattleZequeDen-Snes,Retro-Gym,Snes,,0.7201549585
BattletoadsDoubleDragon-Snes,Retro-Gym,Snes,,0.6309931696
BattletoadsInBattlemaniacs-Snes,Retro-Gym,Snes,,0.7446237327
BebesKids-Snes,Retro-Gym,Snes,,0.713969619
BioMetal-Snes,Retro-Gym,Snes,,1.1087792825
BishoujoSenshiSailorMoonR-Snes,Retro-Gym,Snes,,0.7764545399
BlaZeonTheBioCyborgChallenge-Snes,Retro-Gym,Snes,,0.6390292906
BlockKuzushi-Snes,Retro-Gym,Snes,,0.6236759657
BoogermanAPickAndFlickAdventure-Snes,Retro-Gym,Snes,,0.7018532111
BramStokersDracula-Snes,Retro-Gym,Snes,,0.6787693725
BrawlBrothers-Snes,Retro-Gym,Snes,,0.7809771924
BronkieTheBronchiasaurus-Snes,Retro-Gym,Snes,,0.6148744683
BubsyII-Snes,Retro-Gym,Snes,,0.7880330889
BubsyInClawsEncountersOfTheFurredKind-Snes,Retro-Gym,Snes,,0.7053502428
CacomaKnightInBizyland-Snes,Retro-Gym,Snes,,0.7914125569
Cameltry-Snes,Retro-Gym,Snes,,0.7041321958
CannonFodder-Snes,Retro-Gym,Snes,,0.6262468024
CaptainAmericaAndTheAvengers-Snes,Retro-Gym,Snes,,0.6584766
CaptainCommando-Snes,Retro-Gym,Snes,,0.7077194995
CastlevaniaDraculaX-Snes,Retro-Gym,Snes,,0.8189502668
ChesterCheetahTooCoolToFool-Snes,Retro-Gym,Snes,,0.6543539878
ChesterCheetahWildWildQuest-Snes,Retro-Gym,Snes,,0.6426366667
ChoplifterIIIRescueSurvive-Snes,Retro-Gym,Snes,,0.7073123073
ChoujikuuYousaiMacrossScrambledValkyrie-Snes,Retro-Gym,Snes,,0.7616388452
ChuckRock-Snes,Retro-Gym,Snes,,0.6693748706
Claymates-Snes,Retro-Gym,Snes,,0.7637726353
Cliffhanger-Snes,Retro-Gym,Snes,,0.7663455663
CongosCaper-Snes,Retro-Gym,Snes,,0.7237436911
CoolSpot-Snes,Retro-Gym,Snes,,0.8592014728
CosmoGangTheVideo-Snes,Retro-Gym,Snes,,0.6619100485
Cybernator-Snes,Retro-Gym,Snes,,0.731089989
DaffyDuckTheMarvinMissions-Snes,Retro-Gym,Snes,,0.7359210994
DariusForce-Snes,Retro-Gym,Snes,,0.832008154
DariusTwin-Snes,Retro-Gym,Snes,,0.6759062818
DazeBeforeChristmas-Snes,Retro-Gym,Snes,,0.7321665724
DennisTheMenace-Snes,Retro-Gym,Snes,,0.7429646061
DimensionForce-Snes,Retro-Gym,Snes,,0.6947513676
DinoCity-Snes,Retro-Gym,Snes,,0.667673386
DonkeyKongCountry-Snes,Retro-Gym,Snes,,0.7490203404
DonkeyKongCountry2-Snes,Retro-Gym,Snes,,0.769707188
DonkeyKongCountry3DixieKongsDoubleTrouble-Snes,Retro-Gym,Snes,,0.8086365806
DragonTheBruceLeeStory-Snes,Retro-Gym,Snes,,0.9662858971
DragonsLair-Snes,Retro-Gym,Snes,,0.8744404828
EarthDefenseForce-Snes,Retro-Gym,Snes,,0.8351647015
FamilyDog-Snes,Retro-Gym,Snes,,0.7011291699
FinalFight-Snes,Retro-Gym,Snes,,0.7355108294
FinalFight2-Snes,Retro-Gym,Snes,,0.6824878567
FinalFight3-Snes,Retro-Gym,Snes,,0.6847941689
FinalFightGuy-Snes,Retro-Gym,Snes,,0.7354559072
FirstSamurai-Snes,Retro-Gym,Snes,,0.8263447373
Flintstones-Snes,Retro-Gym,Snes,,0.7513558848
FlyingHeroBugyuruNoDaibouken-Snes,Retro-Gym,Snes,,0.6786246989
Gods-Snes,Retro-Gym,Snes,,0.6894613175
GokujouParodius-Snes,Retro-Gym,Snes,,0.8167202554
GradiusIII-Snes,Retro-Gym,Snes,,0.6125837774
GreatCircusMysteryStarringMickeyAndMinnie-Snes,Retro-Gym,Snes,,0.917846657
HarleysHumongousAdventure-Snes,Retro-Gym,Snes,,0.6757293403
Hook-Snes,Retro-Gym,Snes,,0.7557551742
HuntForRedOctober-Snes,Retro-Gym,Snes,,0.8666215377
Hurricanes-Snes,Retro-Gym,Snes,,0.882595392
Imperium-Snes,Retro-Gym,Snes,,0.6879074644
Incantation-Snes,Retro-Gym,Snes,,0.7860261327
IncredibleHulk-Snes,Retro-Gym,Snes,,0.7572990159
InspectorGadget-Snes,Retro-Gym,Snes,,0.7820339047
ItchyAndScratchyGame-Snes,Retro-Gym,Snes,,0.8271402148
IzzysQuestForTheOlympicRings-Snes,Retro-Gym,Snes,,0.7698720328
JellyBoy-Snes,Retro-Gym,Snes,,0.7035149206
JetsonsInvasionOfThePlanetPirates-Snes,Retro-Gym,Snes,,0.7154711358
JoeAndMac-Snes,Retro-Gym,Snes,,0.6864644119
JoeAndMac2LostInTheTropics-Snes,Retro-Gym,Snes,,0.7170590072
JudgeDredd-Snes,Retro-Gym,Snes,,1.0623315968
JungleBook-Snes,Retro-Gym,Snes,,0.8758985982
KaiteTsukutteAsoberuDezaemon-Snes,Retro-Gym,Snes,,0.7170613563
KidKlownInCrazyChase-Snes,Retro-Gym,Snes,,0.7252500503
KingOfDragons-Snes,Retro-Gym,Snes,,0.7825965552
KingOfTheMonsters2-Snes,Retro-Gym,Snes,,0.6737248859
KnightsOfTheRound-Snes,Retro-Gym,Snes,,0.7940778787
LastActionHero-Snes,Retro-Gym,Snes,,0.6986359822
Legend-Snes,Retro-Gym,Snes,,0.6420328431
LethalWeapon-Snes,Retro-Gym,Snes,,0.7332180431
MagicBoy-Snes,Retro-Gym,Snes,,0.9993060844
MagicSword-Snes,Retro-Gym,Snes,,0.6634949944
MagicalQuestStarringMickeyMouse-Snes,Retro-Gym,Snes,,0.6895024568
Mask-Snes,Retro-Gym,Snes,,0.7608196138
MightyMorphinPowerRangersTheMovie-Snes,Retro-Gym,Snes,,0.7336396623
MrNutz-Snes,Retro-Gym,Snes,,0.6816014383
OutToLunch-Snes,Retro-Gym,Snes,,0.7564083534
PacInTime-Snes,Retro-Gym,Snes,,0.7728413744
Parodius-Snes,Retro-Gym,Snes,,0.8262056923
PeaceKeepers-Snes,Retro-Gym,Snes,,0.8807886867
Phalanx-Snes,Retro-Gym,Snes,,0.7119422992
PiratesOfDarkWater-Snes,Retro-Gym,Snes,,0.7909437028
PitfallTheMayanAdventure-Snes,Retro-Gym,Snes,,0.9526903841
Plok-Snes,Retro-Gym,Snes,,0.8335104905
PopnTwinBee-Snes,Retro-Gym,Snes,,0.7500212061
PopnTwinBeeRainbowBellAdventures-Snes,Retro-Gym,Snes,,0.7424107484
PorkyPigsHauntedHoliday-Snes,Retro-Gym,Snes,,0.6304367667
PowerPiggsOfTheDarkAge-Snes,Retro-Gym,Snes,,0.7228821619
PrehistorikMan-Snes,Retro-Gym,Snes,,0.801867294
PuttySquad-Snes,Retro-Gym,Snes,,0.8247839712
RTypeIII-Snes,Retro-Gym,Snes,,0.6540755881
RadicalRex-Snes,Retro-Gym,Snes,,0.7225331801
RaidenDensetsu-Snes,Retro-Gym,Snes,,0.7371083576
Realm-Snes,Retro-Gym,Snes,,0.8824671487
RenAndStimpyShowVeediots-Snes,Retro-Gym,Snes,,0.6605783749
RenderingRangerR2-Snes,Retro-Gym,Snes,,0.9717001859
RivalTurf-Snes,Retro-Gym,Snes,,0.7095850023
RoadRunnersDeathValleyRally-Snes,Retro-Gym,Snes,,0.7379128826
RoboCop3-Snes,Retro-Gym,Snes,,0.6887519197
RoboCopVersusTheTerminator-Snes,Retro-Gym,Snes,,0.8831530266
RunSaber-Snes,Retro-Gym,Snes,,0.844043238
SkuljaggerRevoltOfTheWesticans-Snes,Retro-Gym,Snes,,0.6889979916
SmartBall-Snes,Retro-Gym,Snes,,0.6339702029
Smurfs-Snes,Retro-Gym,Snes,,0.7197668412
SonicBlastMan-Snes,Retro-Gym,Snes,,0.6909527324
SonicBlastManII-Snes,Retro-Gym,Snes,,0.7171483497
SonicWings-Snes,Retro-Gym,Snes,,0.6867626211
SpaceInvaders-Snes,Retro-Gym,Snes,,0.7251529011
SpaceMegaforce-Snes,Retro-Gym,Snes,,0.7737628155
SpankysQuest-Snes,Retro-Gym,Snes,,0.8378978425
Sparkster-Snes,Retro-Gym,Snes,,0.8142719557
SpeedyGonzalesLosGatosBandidos-Snes,Retro-Gym,Snes,,0.9794255831
SprigganPowered-Snes,Retro-Gym,Snes,,0.8826217501
StoneProtectors-Snes,Retro-Gym,Snes,,0.9442580419
SuperAdventureIsland-Snes,Retro-Gym,Snes,,0.675746177
SuperAlfredChicken-Snes,Retro-Gym,Snes,,0.637985309
SuperBCKid-Snes,Retro-Gym,Snes,,0.7715711921
SuperCastlevaniaIV-Snes,Retro-Gym,Snes,,0.7015487165
SuperDoubleDragon-Snes,Retro-Gym,Snes,,0.6934136862
SuperGhoulsnGhosts-Snes,Retro-Gym,Snes,,0.7633218942
SuperJamesPond-Snes,Retro-Gym,Snes,,0.6602993589
SuperMarioWorld-Snes,Retro-Gym,Snes,,0.7996205572
SuperMarioWorld2-Snes,Retro-Gym,Snes,,1.162500053
SuperRType-Snes,Retro-Gym,Snes,,0.6064025197
SuperSWIV-Snes,Retro-Gym,Snes,,0.8657731506
SuperSmashTV-Snes,Retro-Gym,Snes,,0.6394961874
SuperStarWars-Snes,Retro-Gym,Snes,,0.7408177167
SuperStarWarsReturnOfTheJedi-Snes,Retro-Gym,Snes,,0.7836494328
SuperStarWarsTheEmpireStrikesBack-Snes,Retro-Gym,Snes,,0.7389274261
SuperStrikeGunner-Snes,Retro-Gym,Snes,,0.8466654284
SuperTrollIslands-Snes,Retro-Gym,Snes,,0.9324811375
SuperTurrican-Snes,Retro-Gym,Snes,,0.8917704059
SuperTurrican2-Snes,Retro-Gym,Snes,,0.9191471322
SuperValisIV-Snes,Retro-Gym,Snes,,0.7022016179
SuperWidget-Snes,Retro-Gym,Snes,,0.7218455502
TazMania-Snes,Retro-Gym,Snes,,0.8371318658
TeenageMutantNinjaTurtlesIVTurtlesInTime-Snes,Retro-Gym,Snes,,0.7621603395
TetrisAttack-Snes,Retro-Gym,Snes,,0.9694192237
ThunderSpirits-Snes,Retro-Gym,Snes,,0.7258195605
Tick-Snes,Retro-Gym,Snes,,0.7337825362
TinyToonAdventuresBusterBustsLoose-Snes,Retro-Gym,Snes,,0.693072073
TomAndJerry-Snes,Retro-Gym,Snes,,0.6638023354
UNSquadron-Snes,Retro-Gym,Snes,,0.7115546092
UchuuNoKishiTekkamanBlade-Snes,Retro-Gym,Snes,,0.6913123518
WereBackADinosaursStory-Snes,Retro-Gym,Snes,,0.6732736217
Wolfchild-Snes,Retro-Gym,Snes,,0.8170808668
XKaliber2097-Snes,Retro-Gym,Snes,,1.0325256474
ZeroTheKamikazeSquirrel-Snes,Retro-Gym,Snes,,1.0311140368
ZombiesAteMyNeighbors-Snes,Retro-Gym,Snes,,0.6659710751
ZoolNinjaOfTheNthDimension-Snes,Retro-Gym,Snes,,0.8309408775
DefendTheCenterLevel0-v0,VizDoom,LevDoom,,1.0428250699
DefendTheCenterLevel1_1-v0,VizDoom,LevDoom,,1.0624397199
DefendTheCenterLevel1_2-v0,VizDoom,LevDoom,,1.0619681914
DefendTheCenterLevel1_3-v0,VizDoom,LevDoom,,1.0959638697
DefendTheCenterLevel1_4-v0,VizDoom,LevDoom,,1.0505203367
DefendTheCenterLevel1_5-v0,VizDoom,LevDoom,,1.0569187927
DefendTheCenterLevel1_6-v0,VizDoom,LevDoom,,1.0601639463
DefendTheCenterLevel1_7-v0,VizDoom,LevDoom,,1.0687270677
DefendTheCenterLevel2_1-v0,VizDoom,LevDoom,,1.1585482586
DefendTheCenterLevel2_2-v0,VizDoom,LevDoom,,1.1073314218
DefendTheCenterLevel2_3-v0,VizDoom,LevDoom,,1.0594095996
DefendTheCenterLevel2_4-v0,VizDoom,LevDoom,,1.0593606526
DefendTheCenterLevel3_1-v0,VizDoom,LevDoom,,1.1038311391
DefendTheCenterLevel3_2-v0,VizDoom,LevDoom,,1.0771398693
DefendTheCenterLevel3_3-v0,VizDoom,LevDoom,,1.0952572849
DefendTheCenterLevel4-v0,VizDoom,LevDoom,,1.0789489203
DodgeProjectilesLevel0-v0,VizDoom,LevDoom,,1.006943902
DodgeProjectilesLevel1_1-v0,VizDoom,LevDoom,,1.0389496208
DodgeProjectilesLevel1_2-v0,VizDoom,LevDoom,,1.6598221245
DodgeProjectilesLevel1_3-v0,VizDoom,LevDoom,,5.2087122071
DodgeProjectilesLevel1_4-v0,VizDoom,LevDoom,,0.9844196402
DodgeProjectilesLevel1_5-v0,VizDoom,LevDoom,,0.983358979
DodgeProjectilesLevel1_6-v0,VizDoom,LevDoom,,0.9703477922
DodgeProjectilesLevel1_7-v0,VizDoom,LevDoom,,1.0084699288
DodgeProjectilesLevel2_1-v0,VizDoom,LevDoom,,0.9691503767
DodgeProjectilesLevel2_2-v0,VizDoom,LevDoom,,0.9987405836
DodgeProjectilesLevel2_3-v0,VizDoom,LevDoom,,1.0145603821
DodgeProjectilesLevel2_4-v0,VizDoom,LevDoom,,1.0363213916
DodgeProjectilesLevel2_5-v0,VizDoom,LevDoom,,0.9919989121
DodgeProjectilesLevel2_6-v0,VizDoom,LevDoom,,6.4240619523
DodgeProjectilesLevel3_1-v0,VizDoom,LevDoom,,0.9666896217
DodgeProjectilesLevel3_2-v0,VizDoom,LevDoom,,0.9908396931
DodgeProjectilesLevel3_3-v0,VizDoom,LevDoom,,1.0216187889
DodgeProjectilesLevel4-v0,VizDoom,LevDoom,,1.0229861626
HealthGatheringLevel0-v0,VizDoom,LevDoom,,1.0342806217
HealthGatheringLevel1_1-v0,VizDoom,LevDoom,,1.0461933641
HealthGatheringLevel1_10-v0,VizDoom,LevDoom,,1.0389333112
HealthGatheringLevel1_2-v0,VizDoom,LevDoom,,1.0375534221
HealthGatheringLevel1_3-v0,VizDoom,LevDoom,,1.0347464845
HealthGatheringLevel1_4-v0,VizDoom,LevDoom,,1.042982937
HealthGatheringLevel1_5-v0,VizDoom,LevDoom,,1.055542222
HealthGatheringLevel1_6-v0,VizDoom,LevDoom,,1.0500866417
HealthGatheringLevel1_7-v0,VizDoom,LevDoom,,1.0605371995
HealthGatheringLevel1_8-v0,VizDoom,LevDoom,,1.1019321868
HealthGatheringLevel1_9-v0,VizDoom,LevDoom,,1.0255174913
HealthGatheringLevel2_1-v0,VizDoom,LevDoom,,1.0477550208
HealthGatheringLevel2_2-v0,VizDoom,LevDoom,,1.0387206976
HealthGatheringLevel2_3-v0,VizDoom,LevDoom,,1.0557806239
HealthGatheringLevel2_4-v0,VizDoom,LevDoom,,1.0162020861
HealthGatheringLevel2_5-v0,VizDoom,LevDoom,,1.0366565799
HealthGatheringLevel3_1-v0,VizDoom,LevDoom,,1.0393206398
HealthGatheringLevel3_2-v0,VizDoom,LevDoom,,1.0642063233
HealthGatheringLevel3_3-v0,VizDoom,LevDoom,,1.0429407664
HealthGatheringLevel4-v0,VizDoom,LevDoom,,1.0519798566
SeekAndSlayLevel0-v0,VizDoom,LevDoom,,1.1217724578
SeekAndSlayLevel1_1-v0,VizDoom,LevDoom,,1.1334187532
SeekAndSlayLevel1_2-v0,VizDoom,LevDoom,,1.1357169255
SeekAndSlayLevel1_3-v0,VizDoom,LevDoom,,1.1461457758
SeekAndSlayLevel1_4-v0,VizDoom,LevDoom,,1.119951527
SeekAndSlayLevel1_5-v0,VizDoom,LevDoom,,1.1078843003
SeekAndSlayLevel1_6-v0,VizDoom,LevDoom,,1.0892372465
SeekAndSlayLevel1_7-v0,VizDoom,LevDoom,,1.1434207768
SeekAndSlayLevel2_1-v0,VizDoom,LevDoom,,1.1205878958
SeekAndSlayLevel2_2-v0,VizDoom,LevDoom,,1.1305051983
SeekAndSlayLevel2_3-v0,VizDoom,LevDoom,,5.5828926077
SeekAndSlayLevel2_4-v0,VizDoom,LevDoom,,1.0914146516
SeekAndSlayLevel2_5-v0,VizDoom,LevDoom,,1.0715474411
SeekAndSlayLevel2_6-v0,VizDoom,LevDoom,,1.0665346421
SeekAndSlayLevel3_1-v0,VizDoom,LevDoom,,1.0939638522
SeekAndSlayLevel3_2-v0,VizDoom,LevDoom,,1.0912893217
SeekAndSlayLevel3_3-v0,VizDoom,LevDoom,,1.1236629145
SeekAndSlayLevel4-v0,VizDoom,LevDoom,,1.1320175107
c0-d0-r11-s10,VizDoom,MazeExplorer,,0.5696459353
c0-d0-r11-s20,VizDoom,MazeExplorer,,0.4944894689
c0-d0-r11-s50,VizDoom,MazeExplorer,,0.7635410917
c0-d0-r21-s10,VizDoom,MazeExplorer,,0.4603811276
c0-d0-r21-s20,VizDoom,MazeExplorer,,0.4921239736
c0-d0-r21-s50,VizDoom,MazeExplorer,,0.7359209423
c0-d0-r42-s10,VizDoom,MazeExplorer,,0.4909227536
c0-d0-r42-s20,VizDoom,MazeExplorer,,0.5530392241
c0-d0-r42-s50,VizDoom,MazeExplorer,,0.7477014662
c0-d0.5-r11-s10,VizDoom,MazeExplorer,,0.4556986908
c0-d0.5-r11-s20,VizDoom,MazeExplorer,,0.5158784174
c0-d0.5-r11-s50,VizDoom,MazeExplorer,,0.7193565706
c0-d0.5-r21-s10,VizDoom,MazeExplorer,,0.4658902152
c0-d0.5-r21-s20,VizDoom,MazeExplorer,,0.5003478317
c0-d0.5-r21-s50,VizDoom,MazeExplorer,,0.6942208315
c0-d0.5-r42-s10,VizDoom,MazeExplorer,,0.4699167561
c0-d0.5-r42-s20,VizDoom,MazeExplorer,,0.535007291
c0-d0.5-r42-s50,VizDoom,MazeExplorer,,0.7159311531
c0-d1-r11-s10,VizDoom,MazeExplorer,,0.4641385068
c0-d1-r11-s20,VizDoom,MazeExplorer,,0.502580948
c0-d1-r11-s50,VizDoom,MazeExplorer,,0.687180082
c0-d1-r21-s10,VizDoom,MazeExplorer,,0.4573694809
c0-d1-r21-s20,VizDoom,MazeExplorer,,0.5050500695
c0-d1-r21-s50,VizDoom,MazeExplorer,,0.6817831212
c0-d1-r42-s10,VizDoom,MazeExplorer,,0.4648217549
c0-d1-r42-s20,VizDoom,MazeExplorer,,0.5452876582
c0-d1-r42-s50,VizDoom,MazeExplorer,,0.6915928546
c0.5-d0-r11-s10,VizDoom,MazeExplorer,,0.4495578713
c0.5-d0-r11-s20,VizDoom,MazeExplorer,,0.5009943085
c0.5-d0-r11-s50,VizDoom,MazeExplorer,,0.7411798984
c0.5-d0-r21-s10,VizDoom,MazeExplorer,,0.4581720888
c0.5-d0-r21-s20,VizDoom,MazeExplorer,,0.4977682606
c0.5-d0-r21-s50,VizDoom,MazeExplorer,,0.7382031041
c0.5-d0-r42-s10,VizDoom,MazeExplorer,,0.4753840049
c0.5-d0-r42-s20,VizDoom,MazeExplorer,,0.5227117455
c0.5-d0-r42-s50,VizDoom,MazeExplorer,,0.7412454401
c0.5-d0.5-r11-s10,VizDoom,MazeExplorer,,0.4946706627
c0.5-d0.5-r11-s20,VizDoom,MazeExplorer,,0.6219747709
c0.5-d0.5-r11-s50,VizDoom,MazeExplorer,,1.1642408296
c0.5-d0.5-r21-s10,VizDoom,MazeExplorer,,0.5211070992
c0.5-d0.5-r21-s20,VizDoom,MazeExplorer,,0.6058646126
c0.5-d0.5-r21-s50,VizDoom,MazeExplorer,,1.1523035512
c0.5-d0.5-r42-s10,VizDoom,MazeExplorer,,0.5125573819
c0.5-d0.5-r42-s20,VizDoom,MazeExplorer,,0.6479824128
c0.5-d0.5-r42-s50,VizDoom,MazeExplorer,,1.1305276847
c0.5-d1-r11-s10,VizDoom,MazeExplorer,,0.4924492369
c0.5-d1-r11-s20,VizDoom,MazeExplorer,,0.6702098291
c0.5-d1-r11-s50,VizDoom,MazeExplorer,,1.430276381
c0.5-d1-r21-s10,VizDoom,MazeExplorer,,0.5236693233
c0.5-d1-r21-s20,VizDoom,MazeExplorer,,0.6390941025
c0.5-d1-r21-s50,VizDoom,MazeExplorer,,1.3988664187
c0.5-d1-r42-s10,VizDoom,MazeExplorer,,0.5315298091
c0.5-d1-r42-s20,VizDoom,MazeExplorer,,0.6666653175
c0.5-d1-r42-s50,VizDoom,MazeExplorer,,1.4222224548
c1-d0-r11-s10,VizDoom,MazeExplorer,,0.4524778179
c1-d0-r11-s20,VizDoom,MazeExplorer,,0.4919389858
c1-d0-r11-s50,VizDoom,MazeExplorer,,0.7335016793
c1-d0-r21-s10,VizDoom,MazeExplorer,,0.4701121037
c1-d0-r21-s20,VizDoom,MazeExplorer,,0.4934160659
c1-d0-r21-s50,VizDoom,MazeExplorer,,0.7329218431
c1-d0-r42-s10,VizDoom,MazeExplorer,,0.4825224361
c1-d0-r42-s20,VizDoom,MazeExplorer,,0.519666908
c1-d0-r42-s50,VizDoom,MazeExplorer,,0.7433233624
c1-d0.5-r11-s10,VizDoom,MazeExplorer,,0.4895906088
c1-d0.5-r11-s20,VizDoom,MazeExplorer,,0.6259307334
c1-d0.5-r11-s50,VizDoom,MazeExplorer,,1.412089553
c1-d0.5-r21-s10,VizDoom,MazeExplorer,,0.5252421057
c1-d0.5-r21-s20,VizDoom,MazeExplorer,,0.7222473662
c1-d0.5-r21-s50,VizDoom,MazeExplorer,,1.3995889555
c1-d0.5-r42-s10,VizDoom,MazeExplorer,,0.5424833682
c1-d0.5-r42-s20,VizDoom,MazeExplorer,,0.6387060112
c1-d0.5-r42-s50,VizDoom,MazeExplorer,,1.4229300519
c1-d1-r11-s10,VizDoom,MazeExplorer,,0.4877674342
c1-d1-r11-s20,VizDoom,MazeExplorer,,0.645070166
c1-d1-r11-s50,VizDoom,MazeExplorer,,1.8953063324
c1-d1-r21-s10,VizDoom,MazeExplorer,,0.5270448181
c1-d1-r21-s20,VizDoom,MazeExplorer,,0.6665443423
c1-d1-r21-s50,VizDoom,MazeExplorer,,1.9396051053
c1-d1-r42-s10,VizDoom,MazeExplorer,,0.5238006795
c1-d1-r42-s20,VizDoom,MazeExplorer,,0.6842966588
c1-d1-r42-s50,VizDoom,MazeExplorer,,1.9566385943
chase_eat-layer,misc,Lab2D,,0.0252401825
chase_eat-rgb,misc,Lab2D,,0.0400280031
chase_eat-steps,misc,Lab2D,,0.0236795093
chase_eat-text,misc,Lab2D,,0.0242596911
clean_up-rgb,misc,Lab2D,,0.0747029791
commons_harvest-rgb,misc,Lab2D,,0.0560964546
pushbox-layer,misc,Lab2D,,0.0784540142
pushbox-rgb,misc,Lab2D,,0.083048105
pushbox-steps,misc,Lab2D,,0.0772298095
pushbox-text,misc,Lab2D,,0.0779039487
running_with_scissors-rgb,misc,Lab2D,,0.0461226383
labmaze-placeholder,misc,LabMaze,,
assembly-v2-goal-observable,misc,Metaworld,,1.2460541936
basketball-v2-goal-observable,misc,Metaworld,,1.1820022673
bin-picking-v2-goal-observable,misc,Metaworld,,1.2232060647
box-close-v2-goal-observable,misc,Metaworld,,1.276426771
button-press-topdown-v2-goal-observable,misc,Metaworld,,1.0952234811
button-press-topdown-wall-v2-goal-observable,misc,Metaworld,,1.1551557748
button-press-v2-goal-observable,misc,Metaworld,,1.2258384007
button-press-wall-v2-goal-observable,misc,Metaworld,,1.1530702742
coffee-button-v2-goal-observable,misc,Metaworld,,1.1458298081
coffee-pull-v2-goal-observable,misc,Metaworld,,1.3853208434
coffee-push-v2-goal-observable,misc,Metaworld,,1.3565682597
dial-turn-v2-goal-observable,misc,Metaworld,,1.1458117205
disassemble-v2-goal-observable,misc,Metaworld,,1.2398825267
door-close-v2-goal-observable,misc,Metaworld,,1.1268048673
door-lock-v2-goal-observable,misc,Metaworld,,1.1588214765
door-open-v2-goal-observable,misc,Metaworld,,1.2706421076
door-unlock-v2-goal-observable,misc,Metaworld,,1.3428444541
drawer-close-v2-goal-observable,misc,Metaworld,,1.1680631306
drawer-open-v2-goal-observable,misc,Metaworld,,1.1289352783
faucet-close-v2-goal-observable,misc,Metaworld,,1.2101362847
faucet-open-v2-goal-observable,misc,Metaworld,,1.2112334007
hammer-v2-goal-observable,misc,Metaworld,,1.3734499009
hand-insert-v2-goal-observable,misc,Metaworld,,1.6467055313
handle-press-side-v2-goal-observable,misc,Metaworld,,1.1741941846
handle-press-v2-goal-observable,misc,Metaworld,,1.1739288165
handle-pull-side-v2-goal-observable,misc,Metaworld,,1.2384500797
handle-pull-v2-goal-observable,misc,Metaworld,,1.2742070288
lever-pull-v2-goal-observable,misc,Metaworld,,1.1932187177
peg-insert-side-v2-goal-observable,misc,Metaworld,,1.3132963292
peg-unplug-side-v2-goal-observable,misc,Metaworld,,1.3407052272
pick-out-of-hole-v2-goal-observable,misc,Metaworld,,1.2310021274
pick-place-v2-goal-observable,misc,Metaworld,,1.3078459632
pick-place-wall-v2-goal-observable,misc,Metaworld,,1.3537248238
plate-slide-back-side-v2-goal-observable,misc,Metaworld,,1.137503124
plate-slide-back-v2-goal-observable,misc,Metaworld,,1.1577080275
plate-slide-side-v2-goal-observable,misc,Metaworld,,1.154007657
plate-slide-v2-goal-observable,misc,Metaworld,,1.1563849711
push-back-v2-goal-observable,misc,Metaworld,,1.3034085621
push-v2-goal-observable,misc,Metaworld,,1.3204375341
push-wall-v2-goal-observable,misc,Metaworld,,1.3258159777
reach-v2-goal-observable,misc,Metaworld,,1.1451558491
reach-wall-v2-goal-observable,misc,Metaworld,,1.1448631666
shelf-place-v2-goal-observable,misc,Metaworld,,1.3899656385
soccer-v2-goal-observable,misc,Metaworld,,1.4219372708
stick-pull-v2-goal-observable,misc,Metaworld,,1.4158690253
stick-push-v2-goal-observable,misc,Metaworld,,1.3995847508
sweep-into-v2-goal-observable,misc,Metaworld,,1.3567517256
sweep-v2-goal-observable,misc,Metaworld,,1.3096641555
window-close-v2-goal-observable,misc,Metaworld,,1.1751749814
window-open-v2-goal-observable,misc,Metaworld,,1.1447392816
Procgen/bigfish-easy000,misc,ProcGen,,0.0188305528
Procgen/bigfish-easy111,misc,ProcGen,,0.1190103336
Procgen/bigfish-hard000,misc,ProcGen,,0.0187501316
Procgen/bigfish-hard111,misc,ProcGen,,0.0211741439
Procgen/bossfight-easy000,misc,ProcGen,,0.0626360909
Procgen/bossfight-easy111,misc,ProcGen,,0.0351223406
Procgen/bossfight-hard000,misc,ProcGen,,0.0519453518
Procgen/bossfight-hard111,misc,ProcGen,,0.0307349603
Procgen/caveflyer-easy000,misc,ProcGen,,0.0325245133
Procgen/caveflyer-easy111,misc,ProcGen,,0.0245756631
Procgen/caveflyer-exploration000,misc,ProcGen,,0.0486238882
Procgen/caveflyer-exploration111,misc,ProcGen,,0.03293286
Procgen/caveflyer-hard000,misc,ProcGen,,0.0455651253
Procgen/caveflyer-hard111,misc,ProcGen,,0.0324710186
Procgen/caveflyer-memory000,misc,ProcGen,,0.1104173498
Procgen/caveflyer-memory111,misc,ProcGen,,0.1088570808
Procgen/chaser-easy000,misc,ProcGen,,0.0267211187
Procgen/chaser-easy111,misc,ProcGen,,0.0249122915
Procgen/chaser-extreme000,misc,ProcGen,,0.0440581174
Procgen/chaser-extreme111,misc,ProcGen,,0.0373906748
Procgen/chaser-hard000,misc,ProcGen,,0.0296624045
Procgen/chaser-hard111,misc,ProcGen,,0.0266241486
Procgen/climber-easy000,misc,ProcGen,,0.0274305106
Procgen/climber-easy111,misc,ProcGen,,0.0249587066
Procgen/climber-exploration000,misc,ProcGen,,0.0380414306
Procgen/climber-exploration111,misc,ProcGen,,0.0306543685
Procgen/climber-hard000,misc,ProcGen,,0.032197648
Procgen/climber-hard111,misc,ProcGen,,0.0273765381
Procgen/coinrun-easy000,misc,ProcGen,,0.0349904269
Procgen/coinrun-easy111,misc,ProcGen,,0.0252296355
Procgen/coinrun-exploration000,misc,ProcGen,,0.1406351427
Procgen/coinrun-exploration111,misc,ProcGen,,0.1173198035
Procgen/coinrun-hard000,misc,ProcGen,,0.0378810333
Procgen/coinrun-hard111,misc,ProcGen,,0.0361438641
Procgen/dodgeball-easy000,misc,ProcGen,,0.0270069174
Procgen/dodgeball-easy111,misc,ProcGen,,0.0269448531
Procgen/dodgeball-extreme000,misc,ProcGen,,0.0360459556
Procgen/dodgeball-extreme111,misc,ProcGen,,0.029503666
Procgen/dodgeball-hard000,misc,ProcGen,,0.0293370589
Procgen/dodgeball-hard111,misc,ProcGen,,0.0310611392
Procgen/dodgeball-memory000,misc,ProcGen,,0.0684316763
Procgen/dodgeball-memory111,misc,ProcGen,,0.0678762794
Procgen/fruitbot-easy000,misc,ProcGen,,0.0309745744
Procgen/fruitbot-easy111,misc,ProcGen,,0.0281887338
Procgen/fruitbot-hard000,misc,ProcGen,,0.0489527657
Procgen/fruitbot-hard111,misc,ProcGen,,0.0360645069
Procgen/heist-easy000,misc,ProcGen,,0.0259371848
Procgen/heist-easy111,misc,ProcGen,,0.0218269509
Procgen/heist-exploration000,misc,ProcGen,,0.0286183118
Procgen/heist-exploration111,misc,ProcGen,,0.0238960982
Procgen/heist-hard000,misc,ProcGen,,0.0332629602
Procgen/heist-hard111,misc,ProcGen,,0.0245375143
Procgen/heist-memory000,misc,ProcGen,,0.0292648344
Procgen/heist-memory111,misc,ProcGen,,0.0222051581
Procgen/jumper-easy000,misc,ProcGen,,0.0495824122
Procgen/jumper-easy111,misc,ProcGen,,0.039815327
Procgen/jumper-exploration000,misc,ProcGen,,0.067135435
Procgen/jumper-exploration111,misc,ProcGen,,0.0540296396
Procgen/jumper-hard000,misc,ProcGen,,0.0508242604
Procgen/jumper-hard111,misc,ProcGen,,0.0450602353
Procgen/jumper-memory000,misc,ProcGen,,0.0410643341
Procgen/jumper-memory111,misc,ProcGen,,0.0307074459
Procgen/leaper-easy000,misc,ProcGen,,0.0282488905
Procgen/leaper-easy111,misc,ProcGen,,0.0242959815
Procgen/leaper-exploration000,misc,ProcGen,,0.0587845664
Procgen/leaper-exploration111,misc,ProcGen,,0.0435562483
Procgen/leaper-extreme000,misc,ProcGen,,0.0388145228
Procgen/leaper-extreme111,misc,ProcGen,,0.0358998975
Procgen/leaper-hard000,misc,ProcGen,,0.0492492036
Procgen/leaper-hard111,misc,ProcGen,,0.0299789176
Procgen/maze-easy000,misc,ProcGen,,0.0385376594
Procgen/maze-easy111,misc,ProcGen,,0.0257440649
Procgen/maze-exploration000,misc,ProcGen,,0.0457149266
Procgen/maze-exploration111,misc,ProcGen,,0.0307159133
Procgen/maze-hard000,misc,ProcGen,,0.06041358
Procgen/maze-hard111,misc,ProcGen,,0.036500636
Procgen/maze-memory000,misc,ProcGen,,0.0240681077
Procgen/maze-memory111,misc,ProcGen,,0.0217840549
Procgen/miner-easy000,misc,ProcGen,,0.0267977072
Procgen/miner-easy111,misc,ProcGen,,0.0222987727
Procgen/miner-hard000,misc,ProcGen,,0.0549183926
Procgen/miner-hard111,misc,ProcGen,,0.0332095722
Procgen/miner-memory000,misc,ProcGen,,0.0288608333
Procgen/miner-memory111,misc,ProcGen,,0.0247716867
Procgen/ninja-easy000,misc,ProcGen,,0.029170463
Procgen/ninja-easy111,misc,ProcGen,,0.0252297834
Procgen/ninja-exploration000,misc,ProcGen,,0.0377379226
Procgen/ninja-exploration111,misc,ProcGen,,0.0301813502
Procgen/ninja-hard000,misc,ProcGen,,0.0432411471
Procgen/ninja-hard111,misc,ProcGen,,0.0332146704
Procgen/plunder-easy000,misc,ProcGen,,0.0216802923
Procgen/plunder-easy111,misc,ProcGen,,0.0229282773
Procgen/plunder-hard000,misc,ProcGen,,0.0213262758
Procgen/plunder-hard111,misc,ProcGen,,0.0216104749
Procgen/starpilot-easy000,misc,ProcGen,,0.0219276875
Procgen/starpilot-easy111,misc,ProcGen,,0.0225186029
Procgen/starpilot-extreme000,misc,ProcGen,,0.0212546706
Procgen/starpilot-extreme111,misc,ProcGen,,0.0220095912
Procgen/starpilot-hard000,misc,ProcGen,,0.0223567688
Procgen/starpilot-hard111,misc,ProcGen,,0.0217520417
jaco_reach_bottom_left-pixels,misc,URLB,,22.3081055165
jaco_reach_bottom_left-states,misc,URLB,,2.1961110123
jaco_reach_bottom_right-pixels,misc,URLB,,22.6192305715
jaco_reach_bottom_right-states,misc,URLB,,2.1965127871
jaco_reach_top_left-pixels,misc,URLB,,22.5971344298
jaco_reach_top_left-states,misc,URLB,,2.2484114228
jaco_reach_top_right-pixels,misc,URLB,,22.4105710542
jaco_reach_top_right-states,misc,URLB,,2.2122320681
quadruped_jump-pixels,misc,URLB,,6.9435665013
quadruped_jump-states,misc,URLB,,0.4907102644
quadruped_run-pixels,misc,URLB,,12.0047857744
quadruped_run-states,misc,URLB,,0.4933371691
quadruped_stand-pixels,misc,URLB,,6.9691147338
quadruped_stand-states,misc,URLB,,0.4648287798
quadruped_walk-pixels,misc,URLB,,7.0110467636
quadruped_walk-states,misc,URLB,,0.4917598496
walker_flip-pixels,misc,URLB,,5.6087939951
walker_flip-states,misc,URLB,,0.4033659872
walker_run-pixels,misc,URLB,,5.6718225666
walker_run-states,misc,URLB,,0.4063578181
walker_stand-pixels,misc,URLB,,5.806962691
walker_stand-states,misc,URLB,,0.3900664979
walker_walk-pixels,misc,URLB,,5.8064186841
walker_walk-states,misc,URLB,,0.4064516593
